"country","iso2","iso3","iso_numeric","g_whoregion","year","report_frequency","report_coverage","m_01","m_02","m_03","m_04","m_05","m_06","m_07","m_08","m_09","m_10","m_11","m_12","q_1","q_2","q_3","q_4"
"Albania","AL","ALB","008","EUR",2020,71,34,,,,,,,,,,,,,60,79,56,45
"Albania","AL","ALB","008","EUR",2021,70,34,17,11,20,27,28,24,34,22,29,22,21,14,,,,
"Albania","AL","ALB","008","EUR",2022,70,34,17,26,25,19,26,25,26,25,19,22,22,21,,,,
"Albania","AL","ALB","008","EUR",2023,70,34,27,19,29,22,33,22,26,35,19,23,23,24,,,,
"Albania","AL","ALB","008","EUR",2024,70,34,19,24,16,23,22,13,13,23,23,23,20,14,,,,
"Albania","AL","ALB","008","EUR",2025,70,34,16,18,21,15,17,18,23,17,19,16,,,,,,
"Andorra","AD","AND","020","EUR",2020,70,34,0,1,0,0,0,0,1,0,0,0,0,0,,,,
"Andorra","AD","AND","020","EUR",2021,70,34,0,0,0,0,1,0,1,0,0,0,0,0,,,,
"Andorra","AD","AND","020","EUR",2022,71,34,,,,,,,,,,,,,1,1,2,
"Andorra","AD","AND","020","EUR",2023,71,,,,,,,,,,,,,,1,1,1,1
"Andorra","AD","AND","020","EUR",2024,71,34,,,,,,,,,,,,,1,2,1,0
"Angola","AO","AGO","024","AFR",2020,71,35,,,,,,,,,,,,,18164,16650,16101,14342
"Angola","AO","AGO","024","AFR",2021,71,35,,,,,,,,,,,,,19600,14982,13211,
"Angola","AO","AGO","024","AFR",2022,71,35,,,,,,,,,,,,,14115,18520,20254,15947
"Angola","AO","AGO","024","AFR",2023,71,35,,,,,,,,,,,,,17607,14405,,
"Angola","AO","AGO","024","AFR",2024,71,35,,,,,,,,,,,,,19537,,,
"Angola","AO","AGO","024","AFR",2025,71,35,,,,,,,,,,,,,21104,21119,19196,
"Antigua and Barbuda","AG","ATG","028","AMR",2020,71,34,,,,,,,,,,,,,0,1,1,
"Antigua and Barbuda","AG","ATG","028","AMR",2021,71,34,,,,,,,,,,,,,2,1,1,0
"Antigua and Barbuda","AG","ATG","028","AMR",2022,71,34,,,,,,,,,,,,,0,0,1,0
"Antigua and Barbuda","AG","ATG","028","AMR",2023,71,34,,,,,,,,,,,,,0,1,0,0
"Antigua and Barbuda","AG","ATG","028","AMR",2024,71,34,,,,,,,,,,,,,0,1,1,
"Antigua and Barbuda","AG","ATG","028","AMR",2025,71,,,,,,,,,,,,,,0,0,,
"Argentina","AR","ARG","032","AMR",2020,70,34,1215,908,857,774,762,731,704,825,748,774,756,714,,,,
"Argentina","AR","ARG","032","AMR",2021,70,34,926,835,992,857,736,844,938,1090,1206,1027,1042,718,,,,
"Argentina","AR","ARG","032","AMR",2022,70,34,798,929,1223,1206,1235,1121,1198,1516,1526,1451,1415,1026,,,,
"Argentina","AR","ARG","032","AMR",2023,70,34,1365,1005,1354,1098,1142,698,,,,,,,,,,
"Argentina","AR","ARG","032","AMR",2024,70,34,1186,974,974,1135,1112,1008,1311,1377,1313,1364,1116,955,,,,
"Argentina","AR","ARG","032","AMR",2025,70,34,1434,1100,1064,769,,,,,,,,,,,,
"Armenia","AM","ARM","051","EUR",2020,70,34,45,48,55,16,25,31,34,24,34,29,23,30,,,,
"Armenia","AM","ARM","051","EUR",2021,70,34,20,36,38,30,26,35,36,,,,,,,,,
"Armenia","AM","ARM","051","EUR",2022,70,34,41,35,37,25,42,32,28,39,34,34,40,53,,,,
"Armenia","AM","ARM","051","EUR",2023,70,34,30,42,42,33,43,41,26,43,26,26,23,29,,,,
"Armenia","AM","ARM","051","EUR",2024,70,34,41,37,29,32,33,31,39,41,22,23,21,34,,,,
"Armenia","AM","ARM","051","EUR",2025,70,34,36,26,30,53,32,34,34,33,27,32,,,,,,
"Aruba","AW","ABW","533","AMR",2021,70,34,0,0,0,0,0,,,,,,,,,,,
"Aruba","AW","ABW","533","AMR",2022,70,34,0,0,1,1,,,,,,,,,,,,
"Aruba","AW","ABW","533","AMR",2023,71,34,,,,,,,,,,,,,1,0,,
"Austria","AT","AUT","040","EUR",2024,70,34,39,43,32,40,27,27,42,26,32,20,31,23,,,,
"Austria","AT","AUT","040","EUR",2025,70,34,27,36,26,43,33,31,,,,,,,,,,
"Azerbaijan","AZ","AZE","031","EUR",2020,70,,359,424,417,310,257,342,267,279,247,270,241,267,,,,
"Azerbaijan","AZ","AZE","031","EUR",2021,70,34,176,242,216,242,296,312,329,342,376,383,354,346,,,,
"Azerbaijan","AZ","AZE","031","EUR",2022,70,34,288,322,310,411,341,340,334,356,329,345,323,290,,,,
"Azerbaijan","AZ","AZE","031","EUR",2023,71,34,,,,,,,,,,,,,1217,1253,1245,1046
"Bahamas","BS","BHS","044","AMR",2020,71,34,,,,,,,,,,,,,11,5,10,6
"Bahamas","BS","BHS","044","AMR",2021,70,34,2,3,9,8,4,4,4,1,1,0,3,6,,,,
"Bahamas","BS","BHS","044","AMR",2022,70,34,4,2,4,7,5,6,6,4,1,4,2,4,,,,
"Bahamas","BS","BHS","044","AMR",2023,71,34,,,,,,,,,,,,,7,8,,
"Bahamas","BS","BHS","044","AMR",2024,71,,,,,,,,,,,,,,5,,,
"Bahamas","BS","BHS","044","AMR",2025,70,,7,2,7,4,2,4,,,,,,,,,,
"Bangladesh","BD","BGD","050","SEA",2020,71,34,,,,,,,,,,,,,71521,28246,60497,69826
"Bangladesh","BD","BGD","050","SEA",2021,71,34,,,,,,,,,,,,,74332,76007,77021,79157
"Bangladesh","BD","BGD","050","SEA",2022,71,34,,,,,,,,,,,,,69687,56028,66824,70587
"Bangladesh","BD","BGD","050","SEA",2023,71,34,,,,,,,,,,,,,74771,74379,76832,77794
"Bangladesh","BD","BGD","050","SEA",2024,71,34,,,,,,,,,,,,,76119,76075,78184,83047
"Bangladesh","BD","BGD","050","SEA",2025,71,34,,,,,,,,,,,,,83609,83019,,
"Barbados","BB","BRB","052","AMR",2022,71,34,,,,,,,,,,,,,0,0,3,
"Barbados","BB","BRB","052","AMR",2024,70,34,0,0,1,0,,,,,,,,,,,,
"Belarus","BY","BLR","112","EUR",2020,70,34,195,164,181,136,98,88,103,105,136,137,133,86,,,,
"Belarus","BY","BLR","112","EUR",2021,70,34,92,107,139,165,136,146,117,121,121,95,119,124,,,,
"Belarus","BY","BLR","112","EUR",2022,70,34,139,132,163,169,142,163,115,114,123,130,154,139,,,,
"Belarus","BY","BLR","112","EUR",2023,70,34,130,145,135,123,158,129,115,146,113,141,113,106,,,,
"Belize","BZ","BLZ","084","AMR",2020,70,,7,9,12,10,6,10,5,3,5,2,9,3,,,,
"Belize","BZ","BLZ","084","AMR",2021,70,34,2,5,7,6,5,11,6,3,0,3,7,3,,,,
"Belize","BZ","BLZ","084","AMR",2022,71,34,,,,,,,,,,,,,13,24,23,18
"Belize","BZ","BLZ","084","AMR",2023,70,34,5,13,5,6,7,8,5,8,,,,,,,,
"Belize","BZ","BLZ","084","AMR",2024,70,34,6,3,3,5,10,10,3,7,11,6,3,7,,,,
"Belize","BZ","BLZ","084","AMR",2025,70,34,7,8,7,10,12,7,13,3,7,9,6,3,,,,
"Benin","BJ","BEN","204","AFR",2021,71,34,,,,,,,,,,,,,1035,922,844,910
"Benin","BJ","BEN","204","AFR",2022,71,34,,,,,,,,,,,,,1049,1007,,
"Bolivia (Plurinational State of)","BO","BOL","068","AMR",2020,71,35,,,,,,,,,,,,,1787,1035,1088,2018
"Bolivia (Plurinational State of)","BO","BOL","068","AMR",2021,71,34,,,,,,,,,,,,,1540,1558,1791,
"Bolivia (Plurinational State of)","BO","BOL","068","AMR",2023,71,34,,,,,,,,,,,,,2118,2248,2319,2389
"Bolivia (Plurinational State of)","BO","BOL","068","AMR",2024,71,34,,,,,,,,,,,,,2151,,,
"Bosnia and Herzegovina","BA","BIH","070","EUR",2023,70,34,22,39,30,,,,,,,,,,,,,
"Bosnia and Herzegovina","BA","BIH","070","EUR",2024,70,35,24,35,42,39,44,30,,,,,,,,,,
"Bosnia and Herzegovina","BA","BIH","070","EUR",2025,71,34,,,,,,,,,,,,,46,77,,
"Botswana","BW","BWA","072","AFR",2021,71,34,,,,,,,,,,,,,691,608,525,320
"Botswana","BW","BWA","072","AFR",2022,70,35,252,216,283,215,204,205,153,146,114,12,,,,,,
"Botswana","BW","BWA","072","AFR",2025,71,35,,,,,,,,,,,,,275,,,
"Brazil","BR","BRA","076","AMR",2020,70,34,8359,7027,8221,5910,5430,6117,6755,6634,7033,6778,5879,4495,,,,
"Bulgaria","BG","BGR","100","EUR",2020,70,,110,93,79,76,72,63,,,,,,,,,,
"Burkina Faso","BF","BFA","854","AFR",2021,71,34,,,,,,,,,,,,,1632,1700,1766,
"Burkina Faso","BF","BFA","854","AFR",2022,71,34,,,,,,,,,,,,,1720,1897,1559,1718
"Burkina Faso","BF","BFA","854","AFR",2023,71,34,,,,,,,,,,,,,2241,2123,2047,2178
"Burkina Faso","BF","BFA","854","AFR",2024,71,,,,,,,,,,,,,,2448,2288,2257,2315
"Burkina Faso","BF","BFA","854","AFR",2025,71,34,,,,,,,,,,,,,2442,,,
"Burundi","BI","BDI","108","AFR",2021,71,34,,,,,,,,,,,,,1823,1794,1713,1544
"Burundi","BI","BDI","108","AFR",2022,71,,,,,,,,,,,,,,1870,1894,,
"Burundi","BI","BDI","108","AFR",2023,71,34,,,,,,,,,,,,,2178,2051,1880,1831
"Burundi","BI","BDI","108","AFR",2024,71,,,,,,,,,,,,,,1831,,,
"Cabo Verde","CV","CPV","132","AFR",2021,71,35,,,,,,,,,,,,,31,,,
"Cambodia","KH","KHM","116","WPR",2020,70,,2768,2686,2207,1737,2286,2388,3139,2430,2471,2492,2374,2145,,,,
"Cambodia","KH","KHM","116","WPR",2021,70,34,2119,2264,2220,1318,1584,1451,1290,1348,1635,1653,2362,2418,,,,
"Cambodia","KH","KHM","116","WPR",2022,70,34,2216,2260,2386,2338,2956,3065,3221,3431,2405,2722,2766,2685,,,,
"Cambodia","KH","KHM","116","WPR",2023,70,34,2788,2700,2802,1789,2563,2211,,,,,,,,,,
"Cambodia","KH","KHM","116","WPR",2024,70,,2568,2392,2753,2886,3005,2827,3191,3135,2675,2775,2640,2928,,,,
"Cambodia","KH","KHM","116","WPR",2025,70,34,2702,2610,2345,2341,2470,2317,,,,,,,,,,
"Cameroon","CM","CMR","120","AFR",2021,71,35,,,,,,,,,,,,,5751,5497,5677,5815
"Cameroon","CM","CMR","120","AFR",2022,71,35,,,,,,,,,,,,,6227,5667,6559,6993
"Cameroon","CM","CMR","120","AFR",2023,71,35,,,,,,,,,,,,,6143,6705,6475,6399
"Cameroon","CM","CMR","120","AFR",2024,71,35,,,,,,,,,,,,,7128,6276,6312,7302
"Cameroon","CM","CMR","120","AFR",2025,71,,,,,,,,,,,,,,6888,6380,6684,
"Central African Republic","CF","CAF","140","AFR",2021,71,35,,,,,,,,,,,,,3107,3132,,
"Chad","TD","TCD","148","AFR",2021,71,34,,,,,,,,,,,,,3135,3401,3340,3556
"Chad","TD","TCD","148","AFR",2022,71,34,,,,,,,,,,,,,3865,3712,3352,3764
"Chad","TD","TCD","148","AFR",2023,71,,,,,,,,,,,,,,4070,3641,3976,4081
"Chad","TD","TCD","148","AFR",2024,71,,,,,,,,,,,,,,4203,4186,3983,
"Chile","CL","CHL","152","AMR",2020,70,34,254,236,221,156,125,151,151,202,217,215,226,197,,,,
"Chile","CL","CHL","152","AMR",2021,70,34,198,194,220,203,200,197,242,269,244,234,220,238,,,,
"Chile","CL","CHL","152","AMR",2022,70,34,225,157,234,238,277,245,228,284,242,244,217,214,,,,
"Chile","CL","CHL","152","AMR",2023,70,34,235,248,289,232,239,264,230,,,,,,,,,
"Chile","CL","CHL","152","AMR",2024,70,35,284,262,238,269,237,249,294,248,231,297,238,248,,,,
"Chile","CL","CHL","152","AMR",2025,70,35,308,266,245,281,278,284,,,,,,,,,,
"China","CN","CHN","156","WPR",2020,70,34,47506,31538,51538,60142,58528,59628,58329,53641,52930,47619,48880,44990,,,,
"China","CN","CHN","156","WPR",2021,70,34,45492,38903,56716,56537,52813,51859,53799,47705,47597,43090,43344,43369,,,,
"China","CN","CHN","156","WPR",2022,70,34,39848,34066,52041,43266,44403,49666,49144,50841,45690,36712,36063,27598,,,,
"Colombia","CO","COL","170","AMR",2020,70,,1108,1222,1240,912,960,810,796,805,975,1062,969,878,,,,
"Colombia","CO","COL","170","AMR",2021,70,,702,901,1144,1036,1043,953,1085,1241,1402,1374,1276,1122,,,,
"Colombia","CO","COL","170","AMR",2022,70,34,985,1205,1450,1485,1574,1498,1498,1606,1551,1502,1561,1537,,,,
"Colombia","CO","COL","170","AMR",2023,70,34,1365,1540,1894,,,,,,,,,,,,,
"Colombia","CO","COL","170","AMR",2024,70,34,1529,1498,1729,1565,1638,1683,,,,,,,,,,
"Colombia","CO","COL","170","AMR",2025,70,34,1296,1883,1855,1643,,,,,,,,,,,,
"Costa Rica","CR","CRI","188","AMR",2020,70,35,36,40,25,32,38,30,30,28,20,20,22,14,,,,
"Costa Rica","CR","CRI","188","AMR",2021,70,,21,31,28,38,17,27,29,21,19,23,18,7,,,,
"Costa Rica","CR","CRI","188","AMR",2022,70,34,20,22,28,30,27,23,33,20,18,25,31,26,,,,
"Costa Rica","CR","CRI","188","AMR",2023,70,35,28,29,48,35,32,42,35,38,34,6,,,,,,
"Costa Rica","CR","CRI","188","AMR",2025,70,34,33,38,35,2,,,,,,,,,,,,
"Côte d'Ivoire","CI","CIV","384","AFR",2021,71,34,,,,,,,,,,,,,4832,5303,5258,5291
"Côte d'Ivoire","CI","CIV","384","AFR",2022,71,34,,,,,,,,,,,,,5503,5214,5325,5400
"Côte d'Ivoire","CI","CIV","384","AFR",2023,71,,,,,,,,,,,,,,5930,,,
"Côte d'Ivoire","CI","CIV","384","AFR",2024,71,34,,,,,,,,,,,,,5558,5014,5462,5367
"Côte d'Ivoire","CI","CIV","384","AFR",2025,71,34,,,,,,,,,,,,,5118,4700,5230,
"Croatia","HR","HRV","191","EUR",2023,70,34,17,5,14,,,,,,,,,,,,,
"Cuba","CU","CUB","192","AMR",2020,70,,49,58,41,56,31,49,70,33,57,43,45,48,,,,
"Cuba","CU","CUB","192","AMR",2021,70,34,32,33,63,37,53,40,26,19,30,,,,,,,
"Cuba","CU","CUB","192","AMR",2022,70,,41,59,95,68,43,70,42,53,42,58,87,57,,,,
"Cuba","CU","CUB","192","AMR",2023,70,34,33,57,87,65,83,44,69,76,55,51,71,63,,,,
"Cuba","CU","CUB","192","AMR",2024,70,34,68,79,91,94,112,97,71,81,79,106,79,104,,,,
"Cuba","CU","CUB","192","AMR",2025,70,34,104,105,88,107,120,105,116,80,80,101,74,97,,,,
"Cuba","CU","CUB","192","AMR",2026,70,34,56,,,,,,,,,,,,,,,
"Democratic People's Republic of Korea","KP","PRK","408","SEA",2020,71,,,,,,,,,,,,,,19956,28689,26987,22737
"Democratic People's Republic of Korea","KP","PRK","408","SEA",2021,71,,,,,,,,,,,,,,18265,21823,25730,21595
"Democratic People's Republic of Korea","KP","PRK","408","SEA",2022,71,,,,,,,,,,,,,,18137,24462,21970,17207
"Democratic Republic of the Congo","CD","COD","180","AFR",2020,71,35,,,,,,,,,,,,,49504,48381,50753,50854
"Democratic Republic of the Congo","CD","COD","180","AFR",2021,71,34,,,,,,,,,,,,,53466,55038,52983,53893
"Democratic Republic of the Congo","CD","COD","180","AFR",2023,71,35,,,,,,,,,,,,,60742,64414,63805,62828
"Democratic Republic of the Congo","CD","COD","180","AFR",2024,71,35,,,,,,,,,,,,,69960,69405,71382,69412
"Democratic Republic of the Congo","CD","COD","180","AFR",2025,71,35,,,,,,,,,,,,,67994,69202,73051,
"Denmark","DK","DNK","208","EUR",2020,70,,19,25,19,15,19,20,,,,,,,,,,
"Denmark","DK","DNK","208","EUR",2022,70,34,15,19,28,16,23,28,17,8,12,18,9,10,,,,
"Denmark","DK","DNK","208","EUR",2024,70,34,23,22,6,4,,,,,,,,,,,,
"Dominica","DM","DMA","212","AMR",2020,70,,5,8,3,1,3,0,1,0,1,0,0,0,,,,
"Dominica","DM","DMA","212","AMR",2021,70,,0,0,0,0,0,0,0,0,0,0,0,0,,,,
"Dominica","DM","DMA","212","AMR",2022,70,34,0,0,0,0,0,0,0,0,0,0,0,,,,,
"Dominica","DM","DMA","212","AMR",2024,71,34,,,,,,,,,,,,,1,,,
"Dominica","DM","DMA","212","AMR",2025,70,34,0,0,1,0,0,1,,,,,,,,,,
"Dominican Republic","DO","DOM","214","AMR",2020,70,34,327,284,200,95,161,179,168,155,226,219,184,132,,,,
"Dominican Republic","DO","DOM","214","AMR",2021,70,34,232,257,339,330,303,253,311,332,314,301,268,256,,,,
"Dominican Republic","DO","DOM","214","AMR",2022,70,34,286,371,507,371,437,362,383,349,325,327,284,226,,,,
"Dominican Republic","DO","DOM","214","AMR",2023,70,34,389,395,419,392,423,374,403,347,348,365,300,196,,,,
"Dominican Republic","DO","DOM","214","AMR",2024,70,34,386,430,384,479,440,384,388,400,410,449,353,304,,,,
"Dominican Republic","DO","DOM","214","AMR",2025,70,34,381,315,,,,,,,,,,,,,,
"Ecuador","EC","ECU","218","AMR",2020,71,34,,,,,,,,,,,,,1599,818,1386,1465
"Ecuador","EC","ECU","218","AMR",2021,71,34,,,,,,,,,,,,,1251,1227,1773,
"Ecuador","EC","ECU","218","AMR",2022,71,34,,,,,,,,,,,,,1549,1655,1693,1563
"Ecuador","EC","ECU","218","AMR",2023,71,34,,,,,,,,,,,,,1635,1652,,
"Ecuador","EC","ECU","218","AMR",2025,70,34,208,202,224,,,,,,,,,,,,,
"El Salvador","SV","SLV","222","AMR",2020,71,34,,,,,,,,,,,,,787,368,362,520
"El Salvador","SV","SLV","222","AMR",2021,70,34,176,167,,,,,,,,,,,,,,
"El Salvador","SV","SLV","222","AMR",2022,71,35,,,,,,,,,,,,,395,487,646,
"El Salvador","SV","SLV","222","AMR",2024,71,34,,,,,,,,,,,,,1309,1307,,
"El Salvador","SV","SLV","222","AMR",2025,71,34,,,,,,,,,,,,,1253,1259,,
"Equatorial Guinea","GQ","GNQ","226","AFR",2021,70,34,155,135,,,,,,,,,,,,,,
"Equatorial Guinea","GQ","GNQ","226","AFR",2022,70,35,164,202,225,194,218,,,,,,,,,,,
"Equatorial Guinea","GQ","GNQ","226","AFR",2025,70,35,278,251,255,,,,,,,,,,,,,
"Eritrea","ER","ERI","232","AFR",2021,71,34,,,,,,,,,,,,,317,,,
"Estonia","EE","EST","233","EUR",2020,70,34,12,10,8,6,9,11,16,8,8,12,16,3,,,,
"Estonia","EE","EST","233","EUR",2021,70,34,8,10,13,9,6,5,11,9,3,13,12,,,,,
"Estonia","EE","EST","233","EUR",2022,70,34,11,10,11,7,11,13,10,12,11,15,6,6,,,,
"Estonia","EE","EST","233","EUR",2023,70,34,9,6,8,12,6,11,7,8,14,8,11,,,,,
"Estonia","EE","EST","233","EUR",2024,70,34,10,4,6,6,10,,,,,,,,,,,
"Estonia","EE","EST","233","EUR",2025,70,34,4,8,10,7,11,2,7,4,5,10,,,,,,
"Eswatini","SZ","SWZ","748","AFR",2021,71,34,,,,,,,,,,,,,473,502,526,460
"Eswatini","SZ","SWZ","748","AFR",2022,71,34,,,,,,,,,,,,,531,530,697,542
"Eswatini","SZ","SWZ","748","AFR",2023,71,34,,,,,,,,,,,,,498,485,673,662
"Eswatini","SZ","SWZ","748","AFR",2024,71,34,,,,,,,,,,,,,650,549,574,663
"Eswatini","SZ","SWZ","748","AFR",2025,70,35,196,173,168,176,171,154,192,201,215,,,,,,,
"Ethiopia","ET","ETH","231","AFR",2020,71,35,,,,,,,,,,,,,28879,22122,24832,26334
"Ethiopia","ET","ETH","231","AFR",2021,71,35,,,,,,,,,,,,,25764,26159,26031,25793
"Ethiopia","ET","ETH","231","AFR",2022,71,35,,,,,,,,,,,,,29352,31032,30836,32153
"Ethiopia","ET","ETH","231","AFR",2023,70,35,10425,10425,10425,9867,9867,9867,9958,10411,11960,10394,10814,11586,,,,
"Ethiopia","ET","ETH","231","AFR",2024,70,34,10944,11578,11519,13890,14070,12493,10449,9968,12180,11724,11487,11398,,,,
"Ethiopia","ET","ETH","231","AFR",2025,70,,11961,12592,12913,12692,13526,13584,,,,,,,,,,
"Finland","FI","FIN","246","EUR",2020,70,34,19,17,14,9,11,13,17,13,20,10,19,12,,,,
"Finland","FI","FIN","246","EUR",2021,70,34,21,11,16,11,11,21,11,15,8,11,14,8,,,,
"Finland","FI","FIN","246","EUR",2022,70,34,16,9,10,26,11,16,18,19,15,23,19,10,,,,
"Finland","FI","FIN","246","EUR",2023,70,34,10,19,16,16,11,18,12,12,14,14,18,16,,,,
"Finland","FI","FIN","246","EUR",2024,70,34,23,11,12,13,21,14,14,14,11,14,21,18,,,,
"Finland","FI","FIN","246","EUR",2025,70,34,5,19,13,19,12,12,11,12,15,9,,,,,,
"France","FR","FRA","250","EUR",2020,70,34,380,397,355,370,396,409,445,344,414,359,339,347,,,,
"France","FR","FRA","250","EUR",2021,70,34,319,353,410,387,321,453,373,354,363,306,358,259,,,,
"France","FR","FRA","250","EUR",2022,70,,325,330,424,336,389,359,316,356,328,289,325,334,,,,
"France","FR","FRA","250","EUR",2025,70,,641,643,684,530,,,,,,,,,,,,
"Gabon","GA","GAB","266","AFR",2021,71,35,,,,,,,,,,,,,1313,1290,1271,1199
"Gabon","GA","GAB","266","AFR",2022,71,35,,,,,,,,,,,,,1364,1554,1715,1666
"Gabon","GA","GAB","266","AFR",2023,70,,641,391,623,578,539,486,420,297,253,476,353,957,,,,
"Gabon","GA","GAB","266","AFR",2024,70,35,640,543,557,529,578,522,439,489,515,572,450,559,,,,
"Gabon","GA","GAB","266","AFR",2025,70,35,451,503,550,579,300,88,,,,,,,,,,
"Gambia","GM","GMB","270","AFR",2021,70,35,185,165,205,197,178,228,143,165,166,178,239,169,,,,
"Gambia","GM","GMB","270","AFR",2022,70,34,172,178,234,206,200,224,205,195,245,213,219,226,,,,
"Georgia","GE","GEO","268","EUR",2020,70,,162,183,170,95,148,169,,,,,,,,,,
"Georgia","GE","GEO","268","EUR",2021,70,34,114,136,155,141,117,134,146,108,112,99,101,119,,,,
"Georgia","GE","GEO","268","EUR",2024,71,34,,,,,,,,,,,,,348,318,,
"Germany","DE","DEU","276","EUR",2020,70,,403,369,360,295,358,386,,,,,,,,,,
"Germany","DE","DEU","276","EUR",2021,70,34,303,298,360,336,341,362,381,325,324,280,275,271,,,,
"Germany","DE","DEU","276","EUR",2022,70,34,262,299,347,304,395,347,334,369,341,257,337,,,,,
"Ghana","GH","GHA","288","AFR",2021,70,35,1166,926,1130,1135,1132,1161,1022,1041,974,1107,1128,1015,,,,
"Ghana","GH","GHA","288","AFR",2022,70,34,1122,1148,1360,1234,1233,1228,1096,1223,1187,1070,1130,,,,,
"Grenada","GD","GRD","308","AMR",2020,70,34,1,0,0,0,0,0,0,0,0,0,0,0,,,,
"Grenada","GD","GRD","308","AMR",2021,70,34,1,0,1,0,0,0,0,0,0,0,0,0,,,,
"Grenada","GD","GRD","308","AMR",2022,71,34,,,,,,,,,,,,,0,1,1,0
"Grenada","GD","GRD","308","AMR",2023,70,34,0,0,1,,,,,,,,,,,,,
"Guatemala","GT","GTM","320","AMR",2020,71,34,,,,,,,,,,,,,898,561,566,684
"Guatemala","GT","GTM","320","AMR",2021,71,34,,,,,,,,,,,,,600,722,774,706
"Guatemala","GT","GTM","320","AMR",2022,71,34,,,,,,,,,,,,,915,1085,1075,
"Guatemala","GT","GTM","320","AMR",2023,71,34,,,,,,,,,,,,,1117,1262,1186,1140
"Guatemala","GT","GTM","320","AMR",2024,71,34,,,,,,,,,,,,,1120,,,
"Guatemala","GT","GTM","320","AMR",2025,71,35,,,,,,,,,,,,,803,,,
"Guinea","GN","GIN","324","AFR",2021,71,34,,,,,,,,,,,,,4705,4517,4474,4334
"Guinea","GN","GIN","324","AFR",2022,71,34,,,,,,,,,,,,,4895,4603,5204,5209
"Guinea-Bissau","GW","GNB","624","AFR",2021,71,35,,,,,,,,,,,,,608,627,593,590
"Guinea-Bissau","GW","GNB","624","AFR",2022,71,34,,,,,,,,,,,,,739,745,749,636
"Guinea-Bissau","GW","GNB","624","AFR",2023,71,35,,,,,,,,,,,,,668,508,,
"Guinea-Bissau","GW","GNB","624","AFR",2024,71,34,,,,,,,,,,,,,702,,,
"Guinea-Bissau","GW","GNB","624","AFR",2025,71,34,,,,,,,,,,,,,667,,,
"Guyana","GY","GUY","328","AMR",2020,70,34,53,33,34,9,24,30,24,27,29,40,19,29,,,,
"Guyana","GY","GUY","328","AMR",2021,70,34,24,21,31,34,33,33,45,36,34,44,41,38,,,,
"Guyana","GY","GUY","328","AMR",2022,70,34,32,17,38,32,56,24,29,24,20,21,17,28,,,,
"Guyana","GY","GUY","328","AMR",2023,70,34,38,35,33,30,41,34,37,47,34,26,39,30,,,,
"Guyana","GY","GUY","328","AMR",2024,70,35,39,35,31,26,29,17,,,,,,,,,,
"Haiti","HT","HTI","332","AMR",2020,71,,,,,,,,,,,,,,3007,1997,3019,
"Honduras","HN","HND","340","AMR",2020,70,34,220,195,169,110,123,144,111,121,155,206,147,153,,,,
"Honduras","HN","HND","340","AMR",2021,70,34,159,141,171,177,164,185,180,182,161,,,,,,,
"Honduras","HN","HND","340","AMR",2022,71,34,,,,,,,,,,,,,553,,,
"Honduras","HN","HND","340","AMR",2024,70,34,223,233,212,267,159,,,,,,,,,,,
"Honduras","HN","HND","340","AMR",2025,70,35,225,218,214,213,183,86,,,,,,,,,,
"Hungary","HU","HUN","348","EUR",2020,70,,58,32,43,32,23,26,,,,,,,,,,
"Hungary","HU","HUN","348","EUR",2021,70,34,30,18,38,32,22,25,18,22,22,36,32,25,,,,
"Hungary","HU","HUN","348","EUR",2022,70,34,40,28,36,46,40,45,32,33,38,31,31,37,,,,
"Hungary","HU","HUN","348","EUR",2023,70,34,57,20,47,44,49,50,39,48,46,53,42,40,,,,
"Hungary","HU","HUN","348","EUR",2024,70,34,35,26,45,46,26,37,49,36,40,44,42,59,,,,
"Hungary","HU","HUN","348","EUR",2025,70,34,58,50,41,40,35,43,42,36,44,,,,,,,
"India","IN","IND","356","SEA",2020,70,,177098,192841,152973,75515,109533,141847,126612,109398,125253,133883,125356,151174,,,,
"India","IN","IND","356","SEA",2021,70,34,164960,169979,183419,122049,83911,159795,188615,180869,187770,171065,157424,163525,,,,
"India","IN","IND","356","SEA",2022,70,34,148883,173491,212653,205515,208318,209864,195837,184797,191730,160140,179912,179294,,,,
"India","IN","IND","356","SEA",2023,70,34,182502,198602,219498,214097,232185,218517,213123,215829,209024,206413,193330,206853,,,,
"India","IN","IND","356","SEA",2024,70,34,200684,225469,229674,232741,247037,222230,223778,207245,215511,200264,206357,211814,,,,
"India","IN","IND","356","SEA",2025,70,34,238635,229607,244404,239037,238427,215618,,,,,,,,,,
"Indonesia","ID","IDN","360","WPR",2020,70,,43787,40427,39398,25369,19049,26593,26878,23179,24317,20644,21124,16747,,,,
"Indonesia","ID","IDN","360","WPR",2021,70,,35053,31532,39848,38948,34749,37652,25075,30670,39631,42452,45619,44017,,,,
"Indonesia","ID","IDN","360","WPR",2022,70,,66025,48431,56857,52675,54903,66734,63507,67759,69874,69597,68806,56626,,,,
"Indonesia","ID","IDN","360","WPR",2023,70,34,73391,62922,67226,50103,73746,60596,68907,73937,70797,74377,69075,59759,,,,
"Indonesia","ID","IDN","360","WPR",2024,70,34,74251,64345,67274,65644,75256,64560,74066,70597,69505,76957,69846,66717,,,,
"Indonesia","ID","IDN","360","WPR",2025,70,34,74877,73180,63068,68225,66975,61806,72008,70497,76399,80171,65782,,,,,
"Ireland","IE","IRL","372","EUR",2020,70,34,22,18,23,17,20,29,20,18,20,15,24,14,,,,
"Ireland","IE","IRL","372","EUR",2021,70,34,16,18,25,25,15,23,22,11,18,11,16,19,,,,
"Ireland","IE","IRL","372","EUR",2022,70,34,22,23,22,12,18,28,20,19,13,15,16,17,,,,
"Ireland","IE","IRL","372","EUR",2023,70,34,10,17,22,21,14,20,19,21,16,20,28,19,,,,
"Ireland","IE","IRL","372","EUR",2024,70,34,22,24,19,27,20,20,38,23,22,33,21,28,,,,
"Ireland","IE","IRL","372","EUR",2025,70,34,15,27,27,35,19,28,21,19,23,25,28,25,,,,
"Israel","IL","ISR","376","EUR",2020,70,,22,10,5,10,10,3,,,,,,,,,,
"Israel","IL","ISR","376","EUR",2023,70,,16,15,34,11,22,12,,,,,,,,,,
"Israel","IL","ISR","376","EUR",2024,71,35,,,,,,,,,,,,,78,22,33,
"Israel","IL","ISR","376","EUR",2025,71,35,,,,,,,,,,,,,47,13,,
"Italy","IT","ITA","380","EUR",2020,70,35,219,167,91,103,141,265,246,161,143,119,119,139,,,,
"Italy","IT","ITA","380","EUR",2021,70,35,165,112,204,101,186,306,246,173,174,135,75,75,,,,
"Jamaica","JM","JAM","388","AMR",2020,71,34,,,,,,,,,,,,,10,20,16,8
"Jamaica","JM","JAM","388","AMR",2021,70,34,2,7,4,1,6,5,3,3,3,2,3,4,,,,
"Jamaica","JM","JAM","388","AMR",2022,71,34,,,,,,,,,,,,,11,19,34,11
"Jamaica","JM","JAM","388","AMR",2023,71,34,,,,,,,,,,,,,10,19,20,5
"Jamaica","JM","JAM","388","AMR",2024,71,34,,,,,,,,,,,,,5,,,
"Jamaica","JM","JAM","388","AMR",2025,71,34,,,,,,,,,,,,,6,17,11,
"Kazakhstan","KZ","KAZ","398","EUR",2020,70,34,982,995,918,840,553,634,439,579,737,857,850,851,,,,
"Kazakhstan","KZ","KAZ","398","EUR",2021,70,34,666,796,847,1002,779,820,740,624,729,723,831,855,,,,
"Kazakhstan","KZ","KAZ","398","EUR",2022,70,34,657,917,876,1041,816,923,728,718,762,698,843,871,,,,
"Kazakhstan","KZ","KAZ","398","EUR",2023,70,34,819,854,849,937,830,806,684,702,679,700,877,782,,,,
"Kazakhstan","KZ","KAZ","398","EUR",2024,70,,852,894,764,1020,865,687,756,,,,,,,,,
"Kazakhstan","KZ","KAZ","398","EUR",2025,70,34,697,779,654,851,692,,,,,,,,,,,
"Kenya","KE","KEN","404","AFR",2020,70,34,7543,6796,7478,5271,5103,5752,6013,5787,6023,6057,5578,3722,,,,
"Kenya","KE","KEN","404","AFR",2021,70,34,3675,6381,9628,5396,6069,7486,4226,6512,7999,,,,,,,
"Kenya","KE","KEN","404","AFR",2022,70,34,6946,6941,8376,6412,6853,6860,6757,6972,7693,8390,8646,7363,,,,
"Kenya","KE","KEN","404","AFR",2023,70,,8261,7746,9425,8308,9273,8196,7978,8166,7281,6994,6322,6351,,,,
"Kenya","KE","KEN","404","AFR",2024,70,34,8355,8195,8551,7020,8132,8003,8110,8268,7829,7727,6970,7673,,,,
"Kenya","KE","KEN","404","AFR",2025,70,34,5612,5564,9488,5488,7470,8650,,,,,,,,,,
"Kyrgyzstan","KG","KGZ","417","EUR",2020,70,,448,573,554,294,280,351,241,239,338,232,228,244,,,,
"Kyrgyzstan","KG","KGZ","417","EUR",2021,70,34,238,422,529,542,397,337,328,299,377,318,278,325,,,,
"Kyrgyzstan","KG","KGZ","417","EUR",2022,70,,332,396,413,442,369,440,316,253,273,279,286,297,,,,
"Kyrgyzstan","KG","KGZ","417","EUR",2023,71,,,,,,,,,,,,,,1209,1170,912,780
"Kyrgyzstan","KG","KGZ","417","EUR",2024,71,,,,,,,,,,,,,,1073,1111,851,
"Lao People's Democratic Republic","LA","LAO","418","WPR",2020,70,34,664,509,664,347,548,809,618,720,601,550,802,346,,,,
"Lao People's Democratic Republic","LA","LAO","418","WPR",2021,70,34,553,508,716,390,366,465,671,831,432,345,367,423,,,,
"Lao People's Democratic Republic","LA","LAO","418","WPR",2022,70,34,438,580,666,573,1007,763,832,823,840,701,633,617,,,,
"Lao People's Democratic Republic","LA","LAO","418","WPR",2023,70,34,737,1027,962,630,944,632,515,743,695,873,591,691,,,,
"Lao People's Democratic Republic","LA","LAO","418","WPR",2024,70,34,576,740,660,474,695,532,816,928,920,838,848,685,,,,
"Lao People's Democratic Republic","LA","LAO","418","WPR",2025,70,34,574,584,594,883,837,860,773,611,717,631,867,1098,,,,
"Lesotho","LS","LSO","426","AFR",2020,71,34,,,,,,,,,,,,,1526,917,855,1273
"Lesotho","LS","LSO","426","AFR",2021,71,34,,,,,,,,,,,,,994,1051,1209,1217
"Lesotho","LS","LSO","426","AFR",2022,71,34,,,,,,,,,,,,,1288,1184,1579,1547
"Lesotho","LS","LSO","426","AFR",2023,71,34,,,,,,,,,,,,,1429,1388,1988,1387
"Lesotho","LS","LSO","426","AFR",2024,70,,530,481,566,889,761,591,464,502,510,478,419,,,,,
"Lesotho","LS","LSO","426","AFR",2025,70,,476,416,484,418,525,503,642,669,637,633,665,814,,,,
"Liberia","LR","LBR","430","AFR",2021,71,,,,,,,,,,,,,,2025,1991,1658,
"Lithuania","LT","LTU","440","EUR",2020,70,,118,76,65,47,36,42,60,53,59,59,38,35,,,,
"Lithuania","LT","LTU","440","EUR",2021,70,34,54,43,67,48,51,61,51,48,53,50,50,38,,,,
"Lithuania","LT","LTU","440","EUR",2022,70,34,68,47,67,67,58,48,54,49,57,46,67,33,,,,
"Lithuania","LT","LTU","440","EUR",2023,70,34,111,111,70,48,59,57,52,38,47,63,54,36,,,,
"Lithuania","LT","LTU","440","EUR",2024,70,34,68,62,52,61,59,57,50,49,40,53,53,45,,,,
"Lithuania","LT","LTU","440","EUR",2025,70,34,61,34,37,4,,,,,,,,,,,,
"Luxembourg","LU","LUX","442","EUR",2021,70,34,3,4,4,2,2,1,5,4,2,,,,,,,
"Luxembourg","LU","LUX","442","EUR",2022,70,34,3,1,7,1,6,5,5,9,3,4,2,3,,,,
"Luxembourg","LU","LUX","442","EUR",2023,70,34,3,4,8,4,4,8,1,6,2,2,1,5,,,,
"Luxembourg","LU","LUX","442","EUR",2024,70,34,3,3,5,5,6,4,7,3,3,5,1,4,,,,
"Luxembourg","LU","LUX","442","EUR",2025,70,34,4,4,5,,,,,,,,,,,,,
"Madagascar","MG","MDG","450","AFR",2021,71,34,,,,,,,,,,,,,10376,8331,8785,11150
"Madagascar","MG","MDG","450","AFR",2023,70,35,3352,2874,2926,2721,,,,,,,,,,,,
"Madagascar","MG","MDG","450","AFR",2025,70,35,4498,3761,4042,4144,4077,2921,,,,,,,,,,
"Malawi","MW","MWI","454","AFR",2021,71,34,,,,,,,,,,,,,3317,3794,3437,3577
"Malawi","MW","MWI","454","AFR",2022,71,34,,,,,,,,,,,,,4376,4435,4896,
"Malawi","MW","MWI","454","AFR",2023,71,34,,,,,,,,,,,,,4715,4739,5012,
"Malawi","MW","MWI","454","AFR",2025,71,,,,,,,,,,,,,,4265,,,
"Malaysia","MY","MYS","458","WPR",2020,70,34,2028,2067,2172,1305,1666,1748,1871,2370,1772,1598,2069,2297,,,,
"Malaysia","MY","MYS","458","WPR",2021,70,34,1447,1431,1731,1642,1722,2028,1411,1724,1725,2207,1981,2102,,,,
"Malaysia","MY","MYS","458","WPR",2022,70,34,1612,1804,1576,1890,2038,2193,2634,2275,2106,2563,1955,2124,,,,
"Malaysia","MY","MYS","458","WPR",2023,70,34,1664,1980,2610,1831,2309,2066,2108,2548,2177,2113,2604,2139,,,,
"Malaysia","MY","MYS","458","WPR",2024,70,34,2336,1917,1985,1827,2561,1842,2672,2179,2003,2600,2188,2073,,,,
"Mali","ML","MLI","466","AFR",2021,71,35,,,,,,,,,,,,,1840,1708,1537,
"Mali","ML","MLI","466","AFR",2022,71,34,,,,,,,,,,,,,1833,,,
"Mali","ML","MLI","466","AFR",2024,71,34,,,,,,,,,,,,,2115,2023,2263,2231
"Malta","MT","MLT","470","EUR",2020,70,34,7,16,17,21,10,9,16,19,5,11,5,4,,,,
"Malta","MT","MLT","470","EUR",2021,70,34,5,7,3,6,6,7,6,6,2,2,3,4,,,,
"Malta","MT","MLT","470","EUR",2022,70,34,10,5,3,4,2,3,5,3,13,1,5,7,,,,
"Malta","MT","MLT","470","EUR",2023,70,34,3,5,10,6,8,3,4,6,2,9,6,4,,,,
"Malta","MT","MLT","470","EUR",2024,70,34,9,3,3,6,9,5,2,5,5,4,3,2,,,,
"Malta","MT","MLT","470","EUR",2025,70,34,4,2,7,4,8,1,4,6,8,1,5,6,,,,
"Mauritania","MR","MRT","478","AFR",2022,70,35,163,189,211,213,208,191,167,69,7,,,,,,,
"Mauritania","MR","MRT","478","AFR",2024,70,35,149,158,120,113,,,,,,,,,,,,
"Mauritania","MR","MRT","478","AFR",2025,71,35,,,,,,,,,,,,,579,461,,
"Mauritius","MU","MUS","480","AFR",2021,70,34,11,8,7,6,,,,,,,,,,,,
"Mauritius","MU","MUS","480","AFR",2022,70,34,14,7,13,11,14,8,8,9,10,9,5,11,,,,
"Mauritius","MU","MUS","480","AFR",2023,70,34,5,11,4,7,11,15,7,7,6,9,9,12,,,,
"Mauritius","MU","MUS","480","AFR",2024,70,34,12,10,5,10,8,10,9,4,8,5,15,8,,,,
"Mauritius","MU","MUS","480","AFR",2025,70,34,11,6,14,16,,,,,,,,,,,,
"Mexico","MX","MEX","484","AMR",2020,70,34,2178,2013,2071,1387,1118,1170,1228,1364,1464,1607,1338,1222,,,,
"Mexico","MX","MEX","484","AMR",2021,70,34,1283,1427,2068,1964,1966,2084,1876,1708,1737,1776,1770,1538,,,,
"Mexico","MX","MEX","484","AMR",2022,70,34,1701,1776,2440,2140,2406,2323,2014,2268,2177,2150,1942,1436,,,,
"Mexico","MX","MEX","484","AMR",2023,70,34,2250,2079,2544,2149,2368,2451,2313,2469,2242,2253,2036,1790,,,,
"Mexico","MX","MEX","484","AMR",2024,70,34,2311,2243,2215,2636,2588,2306,2453,2366,2183,2252,2000,,,,,
"Mexico","MX","MEX","484","AMR",2025,70,34,2306,2277,2406,2420,2647,2444,2532,2293,2042,,,,,,,
"Monaco","MC","MCO","492","EUR",2021,70,34,0,0,0,0,0,0,0,0,0,0,0,1,,,,
"Monaco","MC","MCO","492","EUR",2022,70,34,0,0,0,0,,,,,,,,,,,,
"Monaco","MC","MCO","492","EUR",2023,71,34,,,,,,,,,,,,,1,0,,
"Monaco","MC","MCO","492","EUR",2024,71,34,,,,,,,,,,,,,0,,,
"Mongolia","MN","MNG","496","WPR",2020,70,34,273,329,409,437,362,369,305,288,332,216,253,228,,,,
"Mongolia","MN","MNG","496","WPR",2021,70,,212,156,310,222,231,269,178,197,197,204,252,281,,,,
"Mongolia","MN","MNG","496","WPR",2022,70,34,212,176,249,271,303,241,188,199,206,250,257,246,,,,
"Mongolia","MN","MNG","496","WPR",2023,70,,253,191,275,289,307,278,197,243,205,288,246,226,,,,
"Mongolia","MN","MNG","496","WPR",2024,70,34,239,261,234,246,307,234,209,182,183,226,209,292,,,,
"Mongolia","MN","MNG","496","WPR",2025,70,34,248,240,215,284,278,240,151,211,202,182,185,255,,,,
"Mongolia","MN","MNG","496","WPR",2026,70,34,207,,,,,,,,,,,,,,,
"Montenegro","ME","MNE","499","EUR",2020,70,34,2,5,5,4,3,10,2,2,2,4,0,3,,,,
"Montenegro","ME","MNE","499","EUR",2021,70,34,1,8,4,2,7,9,5,10,3,3,9,15,,,,
"Montenegro","ME","MNE","499","EUR",2022,70,34,8,4,4,6,4,4,4,9,3,8,8,5,,,,
"Montenegro","ME","MNE","499","EUR",2023,70,34,2,3,7,6,4,5,7,5,5,3,4,10,,,,
"Montenegro","ME","MNE","499","EUR",2024,70,34,2,6,3,3,4,5,5,6,0,10,5,7,,,,
"Montenegro","ME","MNE","499","EUR",2025,70,34,2,7,3,6,3,1,8,2,2,2,3,6,,,,
"Montenegro","ME","MNE","499","EUR",2026,70,34,1,,,,,,,,,,,,,,,
"Mozambique","MZ","MOZ","508","AFR",2020,70,34,6113,7786,11145,7184,7201,7593,7573,8551,8725,7964,9052,8204,,,,
"Mozambique","MZ","MOZ","508","AFR",2021,70,34,6921,7410,7419,7872,8008,8456,8284,8997,8361,8933,9352,8418,,,,
"Mozambique","MZ","MOZ","508","AFR",2022,70,35,7331,7986,9186,9329,9690,9675,9563,10086,10121,9255,9247,9202,,,,
"Mozambique","MZ","MOZ","508","AFR",2023,70,,7808,8855,8715,10286,10192,10827,9930,10513,10649,9674,9945,9423,,,,
"Mozambique","MZ","MOZ","508","AFR",2024,70,35,7238,9240,9299,9159,9173,10120,9095,9993,9824,8013,8288,7883,,,,
"Mozambique","MZ","MOZ","508","AFR",2025,70,34,5627,7579,8004,7957,9020,9811,,,,,,,,,,
"Myanmar","MM","MMR","104","SEA",2020,71,,,,,,,,,,,,,,33886,21895,,
"Myanmar","MM","MMR","104","SEA",2021,71,35,,,,,,,,,,,,,12910,19178,11129,20228
"Myanmar","MM","MMR","104","SEA",2022,71,35,,,,,,,,,,,,,23494,27921,31613,28616
"Myanmar","MM","MMR","104","SEA",2023,71,35,,,,,,,,,,,,,31557,31523,35313,30385
"Myanmar","MM","MMR","104","SEA",2024,71,35,,,,,,,,,,,,,28953,27226,29126,27581
"Myanmar","MM","MMR","104","SEA",2025,71,35,,,,,,,,,,,,,26236,26364,27779,25504
"Namibia","NA","NAM","516","AFR",2020,70,34,698,649,645,522,459,524,475,427,543,586,499,510,,,,
"Namibia","NA","NAM","516","AFR",2021,70,34,482,509,603,542,527,480,445,597,668,658,751,602,,,,
"Namibia","NA","NAM","516","AFR",2022,70,34,602,607,858,,,,,,,,,,,,,
"Namibia","NA","NAM","516","AFR",2023,70,34,741,674,874,,,,,,,,,,,,,
"Namibia","NA","NAM","516","AFR",2024,70,34,895,681,700,698,595,532,835,763,752,785,695,525,,,,
"Namibia","NA","NAM","516","AFR",2025,70,34,621,562,715,688,623,724,747,551,,,,,,,,
"Nepal","NP","NPL","524","SEA",2020,70,34,2258,2584,2672,1874,1775,2068,2490,2592,2027,2405,1784,1835,,,,
"Nepal","NP","NPL","524","SEA",2021,70,34,2372,2176,2734,3369,2447,1558,2475,3334,3009,2471,2513,2828,,,,
"Nepal","NP","NPL","524","SEA",2022,70,34,2947,2278,3201,3766,3261,3828,3664,3336,3005,2390,2476,2643,,,,
"Nepal","NP","NPL","524","SEA",2023,70,,2521,2513,2899,3402,,,,,,,,,,,,
"Nepal","NP","NPL","524","SEA",2024,70,34,2778,2967,3512,4106,4095,4526,,,,,,,,,,
"Nepal","NP","NPL","524","SEA",2025,70,34,2934,2609,2726,3363,3214,3181,,,,,,,,,,
"Netherlands (Kingdom of the)","NL","NLD","528","EUR",2020,70,34,60,57,62,40,49,69,55,44,56,51,31,49,,,,
"Netherlands (Kingdom of the)","NL","NLD","528","EUR",2021,70,34,44,54,60,55,62,68,67,55,72,55,47,50,,,,
"Netherlands (Kingdom of the)","NL","NLD","528","EUR",2022,70,34,37,54,66,48,48,54,55,64,49,53,55,54,,,,
"Netherlands (Kingdom of the)","NL","NLD","528","EUR",2023,70,34,52,63,57,66,76,74,56,54,48,61,56,50,,,,
"Netherlands (Kingdom of the)","NL","NLD","528","EUR",2024,70,34,67,76,62,67,61,72,71,60,56,65,65,50,,,,
"Netherlands (Kingdom of the)","NL","NLD","528","EUR",2025,70,34,63,53,59,83,76,97,103,74,55,76,65,70,,,,
"Netherlands (Kingdom of the)","NL","NLD","528","EUR",2026,70,34,72,,,,,,,,,,,,,,,
"Nicaragua","NI","NIC","558","AMR",2020,70,34,183,201,195,142,122,109,134,146,158,208,165,123,,,,
"Nicaragua","NI","NIC","558","AMR",2021,70,34,148,164,159,154,151,185,165,170,127,128,164,120,,,,
"Nicaragua","NI","NIC","558","AMR",2022,70,34,154,181,200,169,168,187,192,185,156,188,161,161,,,,
"Nicaragua","NI","NIC","558","AMR",2023,70,34,191,158,178,183,167,169,174,195,209,,,,,,,
"Niger","NE","NER","562","AFR",2021,70,34,950,943,1190,1132,1101,1221,1028,1053,1110,1056,1035,956,,,,
"Niger","NE","NER","562","AFR",2022,70,34,991,1053,1256,1244,1347,1296,1193,1174,1218,1215,1165,1101,,,,
"Niger","NE","NER","562","AFR",2023,70,34,1152,1216,1373,1227,1530,1193,1311,1220,1213,1375,1308,1164,,,,
"Niger","NE","NER","562","AFR",2024,70,34,1360,1253,1360,1438,1528,1324,,,,,,,,,,
"Nigeria","NG","NGA","566","AFR",2020,71,34,,,,,,,,,,,,,32289,26755,35444,41150
"Nigeria","NG","NGA","566","AFR",2021,71,34,,,,,,,,,,,,,42892,50096,54358,57260
"Nigeria","NG","NGA","566","AFR",2022,71,,,,,,,,,,,,,,63081,67595,75831,
"Nigeria","NG","NGA","566","AFR",2025,71,,,,,,,,,,,,,,105966,,,
"North Macedonia","MK","MKD","807","EUR",2020,70,,19,18,12,11,17,5,,,,,,,,,,
"North Macedonia","MK","MKD","807","EUR",2022,70,,9,11,14,11,17,12,,,,,,,,,,
"North Macedonia","MK","MKD","807","EUR",2023,71,,,,,,,,,,,,,,,,,25
"North Macedonia","MK","MKD","807","EUR",2024,71,34,,,,,,,,,,,,,45,42,44,25
"North Macedonia","MK","MKD","807","EUR",2025,71,34,,,,,,,,,,,,,39,33,32,
"Norway","NO","NOR","578","EUR",2020,70,,20,11,10,18,11,21,,,,,,,,,,
"Norway","NO","NOR","578","EUR",2021,70,34,10,14,15,8,17,6,,,,,,,,,,
"Norway","NO","NOR","578","EUR",2023,70,34,17,16,18,,,,,,,,,,,,,
"Norway","NO","NOR","578","EUR",2025,71,34,,,,,,,,,,,,,47,37,40,
"Pakistan","PK","PAK","586","EMR",2020,71,35,,,,,,,,,,,,,78955,49922,74170,70000
"Pakistan","PK","PAK","586","EMR",2021,71,34,,,,,,,,,,,,,74951,78506,92279,95537
"Pakistan","PK","PAK","586","EMR",2022,71,34,,,,,,,,,,,,,101889,112223,104442,106005
"Pakistan","PK","PAK","586","EMR",2024,71,,,,,,,,,,,,,,118087,126486,128458,124689
"Pakistan","PK","PAK","586","EMR",2025,71,34,,,,,,,,,,,,,119037,129803,,
"Panama","PA","PAN","591","AMR",2020,70,,153,130,143,80,91,85,88,82,139,109,89,67,,,,
"Panama","PA","PAN","591","AMR",2021,70,,91,106,105,120,117,131,113,133,115,111,89,96,,,,
"Panama","PA","PAN","591","AMR",2022,70,34,78,126,137,146,167,141,125,141,109,126,98,84,,,,
"Panama","PA","PAN","591","AMR",2023,70,,161,137,183,157,167,202,151,168,134,117,,,,,,
"Papua New Guinea","PG","PNG","598","WPR",2020,71,34,,,,,,,,,,,,,7307,7413,6851,6740
"Papua New Guinea","PG","PNG","598","WPR",2021,71,35,,,,,,,,,,,,,7420,6796,8248,6409
"Papua New Guinea","PG","PNG","598","WPR",2022,71,35,,,,,,,,,,,,,8771,8795,8689,5218
"Papua New Guinea","PG","PNG","598","WPR",2023,71,35,,,,,,,,,,,,,8391,,,
"Papua New Guinea","PG","PNG","598","WPR",2024,71,35,,,,,,,,,,,,,10567,10922,11267,10382
"Papua New Guinea","PG","PNG","598","WPR",2025,71,34,,,,,,,,,,,,,11239,12349,11507,
"Paraguay","PY","PRY","600","AMR",2020,70,34,212,245,186,137,167,209,197,189,178,261,233,173,,,,
"Paraguay","PY","PRY","600","AMR",2021,70,34,186,223,214,177,164,191,256,287,277,,,,,,,
"Paraguay","PY","PRY","600","AMR",2022,70,34,286,236,359,272,275,287,272,286,340,330,306,230,,,,
"Paraguay","PY","PRY","600","AMR",2024,70,34,301,305,319,290,,,,,,,,,,,,
"Paraguay","PY","PRY","600","AMR",2025,70,,374,350,387,289,,,,,,,,,,,,
"Peru","PE","PER","604","AMR",2020,70,34,2880,2597,2213,1168,1127,1391,1517,1730,2060,2317,2259,2107,,,,
"Peru","PE","PER","604","AMR",2021,70,34,2012,1809,2084,1998,1917,2036,2163,2319,2348,2355,2362,1989,,,,
"Peru","PE","PER","604","AMR",2022,70,34,2059,2296,2694,2325,2307,2199,2101,2291,2563,2485,2292,1681,,,,
"Peru","PE","PER","604","AMR",2023,70,34,2497,2550,2808,2560,2652,2571,2517,2709,2785,2697,2743,2293,,,,
"Peru","PE","PER","604","AMR",2024,70,34,2687,2539,2429,2861,2509,2271,2398,2582,2562,2565,2200,,,,,
"Peru","PE","PER","604","AMR",2025,70,34,2805,2558,2666,2588,2704,2464,2333,2470,2478,2106,,,,,,
"Philippines","PH","PHL","608","WPR",2020,70,35,40104,37042,28376,10489,13726,20282,20338,16938,18701,18757,17100,17605,,,,
"Philippines","PH","PHL","608","WPR",2021,70,35,24679,24663,29335,22354,23501,25733,27894,26705,25224,24386,23571,19748,,,,
"Philippines","PH","PHL","608","WPR",2022,70,35,29412,32204,40998,25236,35013,42979,34115,38115,43520,34399,31057,28132,,,,
"Philippines","PH","PHL","608","WPR",2023,70,35,43957,49398,57963,41777,51352,47295,48786,51994,48728,43485,39452,27884,,,,
"Philippines","PH","PHL","608","WPR",2024,70,35,51986,48541,47907,48493,46159,40536,48710,48681,47534,46451,41901,31748,,,,
"Philippines","PH","PHL","608","WPR",2025,70,34,45795,47467,49051,42378,45091,42923,47222,43278,48067,48707,40395,34689,,,,
"Philippines","PH","PHL","608","WPR",2026,70,34,23723,,,,,,,,,,,,,,,
"Portugal","PT","PRT","620","EUR",2020,70,,152,120,128,86,100,81,91,105,83,82,66,41,,,,
"Portugal","PT","PRT","620","EUR",2021,70,34,104,94,132,139,144,144,102,121,96,114,93,103,,,,
"Portugal","PT","PRT","620","EUR",2022,70,,110,118,161,118,134,99,101,112,137,106,97,80,,,,
"Portugal","PT","PRT","620","EUR",2023,70,,107,95,125,37,22,,,,,,,,,,,
"Puerto Rico","PR","PRI","630","AMR",2020,71,34,,,,,,,,,,,,,5,8,8,6
"Puerto Rico","PR","PRI","630","AMR",2021,71,34,,,,,,,,,,,,,2,4,3,9
"Puerto Rico","PR","PRI","630","AMR",2022,71,,,,,,,,,,,,,,3,6,4,9
"Puerto Rico","PR","PRI","630","AMR",2023,71,34,,,,,,,,,,,,,4,5,5,7
"Puerto Rico","PR","PRI","630","AMR",2024,71,,,,,,,,,,,,,,5,6,1,
"Republic of Moldova","MD","MDA","498","EUR",2020,70,34,221,238,202,112,100,130,141,122,118,140,122,112,,,,
"Republic of Moldova","MD","MDA","498","EUR",2021,70,34,123,191,149,184,141,207,195,175,158,155,171,210,,,,
"Republic of Moldova","MD","MDA","498","EUR",2022,70,34,149,166,194,179,178,212,172,163,163,162,172,208,,,,
"Republic of Moldova","MD","MDA","498","EUR",2023,70,34,181,192,206,168,198,164,175,176,154,208,189,156,,,,
"Republic of Moldova","MD","MDA","498","EUR",2024,70,34,152,181,166,165,167,135,156,172,144,168,167,162,,,,
"Republic of Moldova","MD","MDA","498","EUR",2025,70,34,147,127,168,165,159,145,180,139,121,133,,,,,,
"Romania","RO","ROU","642","EUR",2020,71,34,,,,,,,,,,,,,2601,1532,1735,1353
"Romania","RO","ROU","642","EUR",2021,71,34,,,,,,,,,,,,,1794,2033,2231,1560
"Romania","RO","ROU","642","EUR",2022,71,34,,,,,,,,,,,,,1987,2528,2205,2104
"Romania","RO","ROU","642","EUR",2023,71,34,,,,,,,,,,,,,2871,2508,2225,1923
"Romania","RO","ROU","642","EUR",2024,71,34,,,,,,,,,,,,,2290,2226,2098,1830
"Romania","RO","ROU","642","EUR",2025,71,34,,,,,,,,,,,,,2051,2018,,
"Russian Federation","RU","RUS","643","EUR",2020,70,34,6540,6493,6132,6344,3216,3679,4599,4057,4176,4759,3990,4346,,,,
"Russian Federation","RU","RUS","643","EUR",2021,70,34,3990,4659,5377,6599,4275,4833,5058,4195,3907,4786,4569,4532,,,,
"Russian Federation","RU","RUS","643","EUR",2022,70,34,4396,4188,4777,6101,4677,4964,5214,4735,4039,4917,4953,4176,,,,
"Russian Federation","RU","RUS","643","EUR",2023,70,34,4466,4608,4810,5592,4948,4396,5001,4418,3477,4762,4635,3648,,,,
"Rwanda","RW","RWA","646","AFR",2021,70,34,412,380,496,462,378,523,382,356,538,385,403,463,,,,
"Saint Kitts and Nevis","KN","KNA","659","AMR",2020,71,34,,,,,,,,,,,,,1,0,1,0
"Saint Kitts and Nevis","KN","KNA","659","AMR",2021,71,34,,,,,,,,,,,,,3,,,
"Saint Kitts and Nevis","KN","KNA","659","AMR",2022,71,34,,,,,,,,,,,,,0,0,1,
"Saint Kitts and Nevis","KN","KNA","659","AMR",2024,71,34,,,,,,,,,,,,,0,0,,
"Saint Lucia","LC","LCA","662","AMR",2020,70,34,1,0,1,0,0,1,3,0,0,1,1,1,,,,
"Saint Lucia","LC","LCA","662","AMR",2021,70,34,0,0,1,0,0,0,2,1,0,0,0,0,,,,
"Saint Lucia","LC","LCA","662","AMR",2022,70,34,0,1,1,0,0,0,0,0,0,0,0,,,,,
"Saint Lucia","LC","LCA","662","AMR",2023,70,34,0,1,0,0,0,0,0,1,0,0,0,1,,,,
"Saint Lucia","LC","LCA","662","AMR",2024,70,34,0,1,0,0,0,0,0,0,0,0,0,0,,,,
"Saint Lucia","LC","LCA","662","AMR",2025,70,34,1,0,0,0,0,0,0,0,2,0,0,0,,,,
"Saint Vincent and the Grenadines","VC","VCT","670","AMR",2020,70,34,0,0,1,1,1,1,3,0,0,2,1,3,,,,
"Saint Vincent and the Grenadines","VC","VCT","670","AMR",2021,70,34,0,0,0,1,1,0,0,0,0,1,1,0,,,,
"Saint Vincent and the Grenadines","VC","VCT","670","AMR",2022,70,34,1,0,0,0,0,1,0,0,0,3,0,0,,,,
"Saint Vincent and the Grenadines","VC","VCT","670","AMR",2023,70,34,0,0,0,0,0,0,1,1,2,0,0,0,,,,
"Saint Vincent and the Grenadines","VC","VCT","670","AMR",2024,70,34,0,1,2,,,,,,,,,,,,,
"Sao Tome and Principe","ST","STP","678","AFR",2021,70,,8,10,8,,,,,,,,,,,,,
"Sao Tome and Principe","ST","STP","678","AFR",2022,71,34,,,,,,,,,,,,,24,35,,
"Sao Tome and Principe","ST","STP","678","AFR",2023,70,34,12,3,15,6,,,,,,,,,,,,
"Sao Tome and Principe","ST","STP","678","AFR",2024,70,34,10,10,7,,,,,,,,,,,,,
"Sao Tome and Principe","ST","STP","678","AFR",2025,71,34,,,,,,,,,,,,,36,,,
"Senegal","SN","SEN","686","AFR",2021,71,,,,,,,,,,,,,,3489,,,
"Serbia","RS","SRB","688","EUR",2020,70,,35,27,11,6,6,4,,,,,,,,,,
"Serbia","RS","SRB","688","EUR",2023,70,34,32,29,45,40,26,22,11,32,26,48,24,37,,,,
"Serbia","RS","SRB","688","EUR",2024,70,34,29,21,26,22,42,18,48,47,31,23,,,,,,
"Serbia","RS","SRB","688","EUR",2025,70,34,29,31,37,26,28,29,,,,,,,,,,
"Seychelles","SC","SYC","690","AFR",2021,70,34,0,2,1,1,1,1,1,0,1,1,0,1,,,,
"Seychelles","SC","SYC","690","AFR",2022,70,34,0,1,1,0,3,2,2,3,1,0,1,2,,,,
"Seychelles","SC","SYC","690","AFR",2023,71,34,,,,,,,,,,,,,2,7,12,2
"Seychelles","SC","SYC","690","AFR",2024,71,34,,,,,,,,,,,,,3,5,7,7
"Sierra Leone","SL","SLE","694","AFR",2020,70,,1654,1548,1424,756,782,1155,1275,1408,1507,1483,1427,1371,,,,
"Sierra Leone","SL","SLE","694","AFR",2021,70,34,1109,1447,1683,1476,1437,1466,1348,1476,1538,1628,1543,1518,,,,
"Sierra Leone","SL","SLE","694","AFR",2022,71,34,,,,,,,,,,,,,4860,4767,4517,5260
"Sierra Leone","SL","SLE","694","AFR",2023,71,34,,,,,,,,,,,,,5653,5321,5619,5514
"Sierra Leone","SL","SLE","694","AFR",2024,71,34,,,,,,,,,,,,,5655,5358,5456,5962
"Sierra Leone","SL","SLE","694","AFR",2025,70,34,1976,1699,,,,,,,,,,,,,,
"Sint Maarten (Dutch part)","SX","SXM","534","AMR",2020,70,,0,0,0,0,0,0,0,0,0,0,0,0,,,,
"Sint Maarten (Dutch part)","SX","SXM","534","AMR",2021,71,34,,,,,,,,,,,,,0,,,
"Slovakia","SK","SVK","703","EUR",2020,70,,8,1,16,8,5,16,,,,,,,,,,
"Slovakia","SK","SVK","703","EUR",2021,70,34,4,4,9,9,4,11,8,9,14,20,22,26,,,,
"Slovakia","SK","SVK","703","EUR",2022,70,34,8,7,8,10,11,14,8,8,14,14,18,17,,,,
"Slovakia","SK","SVK","703","EUR",2023,70,34,8,11,13,10,12,14,18,31,21,20,28,30,,,,
"Slovakia","SK","SVK","703","EUR",2024,70,34,6,8,12,10,11,13,,,,,,,,,,
"Slovakia","SK","SVK","703","EUR",2025,70,,11,10,11,9,5,4,,,,,,,,,,
"Slovenia","SI","SVN","705","EUR",2020,70,34,10,6,2,9,3,4,7,9,3,7,9,7,,,,
"Slovenia","SI","SVN","705","EUR",2021,70,34,5,3,13,7,7,6,6,10,4,5,7,7,,,,
"Slovenia","SI","SVN","705","EUR",2022,70,34,3,6,4,8,9,9,4,7,7,8,7,3,,,,
"Slovenia","SI","SVN","705","EUR",2023,70,34,6,8,9,8,5,9,7,6,5,11,9,5,,,,
"Slovenia","SI","SVN","705","EUR",2024,70,34,4,4,3,1,9,4,4,3,5,7,4,0,,,,
"Slovenia","SI","SVN","705","EUR",2025,70,34,5,8,5,6,9,7,13,7,1,5,8,5,,,,
"Slovenia","SI","SVN","705","EUR",2026,70,34,5,,,,,,,,,,,,,,,
"Solomon Islands","SB","SLB","090","WPR",2020,70,34,23,23,31,26,22,29,34,33,30,22,29,19,,,,
"Solomon Islands","SB","SLB","090","WPR",2021,70,34,20,28,28,33,35,33,39,36,43,26,25,19,,,,
"Solomon Islands","SB","SLB","090","WPR",2022,70,34,19,15,24,20,,,,,,,,,,,,
"Solomon Islands","SB","SLB","090","WPR",2024,71,,,,,,,,,,,,,,62,,,
"Solomon Islands","SB","SLB","090","WPR",2025,71,35,,,,,,,,,,,,,79,,,
"South Africa","ZA","ZAF","710","AFR",2020,71,34,,,,,,,,,,,,,63051,38534,41165,48490
"South Africa","ZA","ZAF","710","AFR",2021,71,35,,,,,,,,,,,,,55207,33539,36199,43658
"South Africa","ZA","ZAF","710","AFR",2023,70,34,16325,14246,14661,,,,,,,,,,,,,
"South Africa","ZA","ZAF","710","AFR",2024,70,34,18439,16490,14563,16110,16312,12540,13701,17754,18165,20304,17987,13765,,,,
"South Africa","ZA","ZAF","710","AFR",2025,70,34,18226,15868,15594,11707,13711,12527,,,,,,,,,,
"South Sudan","SS","SSD","728","AFR",2021,71,,,,,,,,,,,,,,9907,11250,15875,12550
"South Sudan","SS","SSD","728","AFR",2022,71,,,,,,,,,,,,,,4767,4846,5286,
"South Sudan","SS","SSD","728","AFR",2024,71,34,,,,,,,,,,,,,7271,6839,7174,6828
"South Sudan","SS","SSD","728","AFR",2025,71,34,,,,,,,,,,,,,6655,6908,,
"Suriname","SR","SUR","740","AMR",2020,70,34,12,8,5,8,16,3,7,14,14,10,8,3,,,,
"Suriname","SR","SUR","740","AMR",2021,70,34,12,4,7,8,10,7,7,3,11,,,,,,,
"Suriname","SR","SUR","740","AMR",2022,70,34,6,8,13,7,12,12,8,14,15,8,10,13,,,,
"Suriname","SR","SUR","740","AMR",2023,70,34,11,12,17,4,9,13,,,,,,,,,,
"Suriname","SR","SUR","740","AMR",2024,70,34,16,11,12,12,13,11,,,,,,,,,,
"Suriname","SR","SUR","740","AMR",2025,70,34,8,9,9,11,,,,,,,,,,,,
"Sweden","SE","SWE","752","EUR",2020,70,,28,21,26,26,24,26,28,31,26,32,28,32,,,,
"Sweden","SE","SWE","752","EUR",2021,70,34,32,32,32,35,30,31,34,32,25,25,23,36,,,,
"Sweden","SE","SWE","752","EUR",2022,70,34,32,25,36,27,37,33,32,35,29,32,37,25,,,,
"Sweden","SE","SWE","752","EUR",2023,70,34,30,35,32,23,31,31,32,27,36,28,37,22,,,,
"Sweden","SE","SWE","752","EUR",2024,70,34,28,32,27,27,27,28,19,25,29,26,23,24,,,,
"Sweden","SE","SWE","752","EUR",2025,70,34,24,37,33,21,20,19,31,21,25,29,,,,,,
"Switzerland","CH","CHE","756","EUR",2020,70,34,34,56,18,19,39,35,32,28,25,13,22,27,,,,
"Switzerland","CH","CHE","756","EUR",2021,70,34,20,19,34,33,43,32,42,23,20,25,24,21,,,,
"Switzerland","CH","CHE","756","EUR",2022,70,34,33,25,26,36,35,40,37,28,29,25,22,29,,,,
"Switzerland","CH","CHE","756","EUR",2023,70,34,32,25,42,30,32,42,48,52,33,39,36,27,,,,
"Switzerland","CH","CHE","756","EUR",2024,70,34,22,32,31,,,,,,,,,,,,,
"Switzerland","CH","CHE","756","EUR",2025,70,34,20,30,28,25,33,37,,,,,,,,,,
"Tajikistan","TJ","TJK","762","EUR",2020,71,34,,,,,,,,,,,,,1340,996,976,835
"Thailand","TH","THA","764","SEA",2020,70,34,8133,7639,8770,7177,6956,7266,7270,7598,7988,7080,6794,7089,,,,
"Thailand","TH","THA","764","SEA",2021,70,34,6251,5656,7557,6002,5472,5830,4792,4552,5011,5400,5294,4883,,,,
"Thailand","TH","THA","764","SEA",2022,70,34,5918,5568,6008,5178,5916,6428,5492,6775,6866,5695,6414,5666,,,,
"Thailand","TH","THA","764","SEA",2023,70,34,6983,6489,7589,6413,6762,6603,6228,6584,6517,6393,6343,5886,,,,
"Thailand","TH","THA","764","SEA",2024,70,34,7324,6550,6998,6157,,,,,,,,,,,,
"Thailand","TH","THA","764","SEA",2025,70,34,7036,6435,7126,6313,6283,6061,,,,,,,,,,
"Timor-Leste","TL","TLS","626","SEA",2020,71,34,,,,,,,,,,,,,927,635,807,856
"Timor-Leste","TL","TLS","626","SEA",2021,71,34,,,,,,,,,,,,,841,563,761,990
"Timor-Leste","TL","TLS","626","SEA",2022,71,,,,,,,,,,,,,,1273,1365,1437,1295
"Timor-Leste","TL","TLS","626","SEA",2023,71,34,,,,,,,,,,,,,1356,,,
"Timor-Leste","TL","TLS","626","SEA",2024,71,35,,,,,,,,,,,,,1109,1212,1236,
"Togo","TG","TGO","768","AFR",2021,71,34,,,,,,,,,,,,,645,609,551,616
"Togo","TG","TGO","768","AFR",2022,71,34,,,,,,,,,,,,,695,711,803,842
"Togo","TG","TGO","768","AFR",2023,71,34,,,,,,,,,,,,,799,787,739,738
"Togo","TG","TGO","768","AFR",2024,71,34,,,,,,,,,,,,,848,807,761,708
"Togo","TG","TGO","768","AFR",2025,71,34,,,,,,,,,,,,,841,801,806,
"Trinidad and Tobago","TT","TTO","780","AMR",2020,70,34,14,16,9,20,11,28,25,23,18,30,14,15,,,,
"Trinidad and Tobago","TT","TTO","780","AMR",2021,70,34,16,6,24,21,,,,,,,,,,,,
"Türkiye","TR","TUR","792","EUR",2020,70,34,864,901,958,550,462,875,825,695,737,706,665,723,,,,
"Türkiye","TR","TUR","792","EUR",2021,70,34,552,709,893,853,693,878,704,744,794,712,780,824,,,,
"Türkiye","TR","TUR","792","EUR",2022,70,34,720,688,841,920,747,996,672,923,853,815,814,803,,,,
"Uganda","UG","UGA","800","AFR",2020,71,34,,,,,,,,,,,,,16399,12871,15798,15694
"Uganda","UG","UGA","800","AFR",2021,71,34,,,,,,,,,,,,,18293,19217,18983,18242
"Uganda","UG","UGA","800","AFR",2022,71,34,,,,,,,,,,,,,23428,22955,24811,23056
"Uganda","UG","UGA","800","AFR",2023,71,,,,,,,,,,,,,,22636,22870,20793,20186
"Uganda","UG","UGA","800","AFR",2024,71,,,,,,,,,,,,,,23535,22076,23435,19826
"Uganda","UG","UGA","800","AFR",2025,71,,,,,,,,,,,,,,19024,20380,23741,18203
"Ukraine","UA","UKR","804","EUR",2020,70,,2026,2050,2001,1301,1057,1238,1601,1246,1357,1277,1110,1274,,,,
"Ukraine","UA","UKR","804","EUR",2021,70,,1317,1480,1665,1567,1324,1579,1676,1510,1425,1456,1441,1540,,,,
"Ukraine","UA","UKR","804","EUR",2022,70,34,1453,1713,1475,1532,1689,1653,1578,1647,1392,1263,1456,1339,,,,
"Ukraine","UA","UKR","804","EUR",2023,70,34,1753,1786,1979,1651,1785,1458,1442,1571,1346,1352,1440,1430,,,,
"Ukraine","UA","UKR","804","EUR",2024,70,34,1622,1669,1494,1547,1574,1515,1538,1415,1241,1340,1219,1288,,,,
"Ukraine","UA","UKR","804","EUR",2025,70,34,1458,1283,1311,1408,1369,1253,1239,1059,1131,1263,1097,1287,,,,
"United Kingdom of Great Britain and Northern Ireland","GB","GBR","826","EUR",2020,70,,410,396,413,354,317,384,414,322,370,373,345,361,,,,
"United Kingdom of Great Britain and Northern Ireland","GB","GBR","826","EUR",2021,70,35,323,322,387,405,375,445,405,372,376,338,328,364,,,,
"United Kingdom of Great Britain and Northern Ireland","GB","GBR","826","EUR",2022,70,35,305,,,,,,,,,,,,,,,
"United Kingdom of Great Britain and Northern Ireland","GB","GBR","826","EUR",2025,70,34,442,447,530,539,506,,,,,,,,,,,
"United Republic of Tanzania","TZ","TZA","834","AFR",2020,70,,6583,7243,8755,6292,6295,7606,6940,7340,8067,6346,6643,6576,,,,
"United Republic of Tanzania","TZ","TZA","834","AFR",2021,70,34,5689,6032,7801,6136,6806,7939,6690,7683,8661,6719,8138,7232,,,,
"United Republic of Tanzania","TZ","TZA","834","AFR",2022,70,34,6580,6710,10997,8616,8932,9511,8282,9070,9045,7202,7686,7121,,,,
"United Republic of Tanzania","TZ","TZA","834","AFR",2023,70,34,7408,7738,10115,7306,9199,8791,7185,7859,7720,6702,6602,5628,,,,
"United Republic of Tanzania","TZ","TZA","834","AFR",2024,70,34,5864,6284,7226,5525,6488,6389,5912,6363,6982,6292,6243,6198,,,,
"United Republic of Tanzania","TZ","TZA","834","AFR",2025,70,34,6922,6191,5872,5491,7377,6903,6419,6921,7822,5541,5797,6663,,,,
"United States of America","US","USA","840","AMR",2020,70,34,507,600,625,519,510,602,589,539,552,642,539,939,,,,
"United States of America","US","USA","840","AMR",2021,70,34,350,454,562,545,524,563,,,,,,,,,,
"Uruguay","UY","URY","858","AMR",2020,70,34,106,77,86,43,57,61,101,95,75,79,95,91,,,,
"Uruguay","UY","URY","858","AMR",2021,70,34,60,52,77,34,47,84,106,93,93,,,,,,,
"Uruguay","UY","URY","858","AMR",2022,70,34,79,62,95,85,81,65,112,119,101,99,110,97,,,,
"Uruguay","UY","URY","858","AMR",2024,70,34,108,101,114,125,111,114,,,,,,,,,,
"Uzbekistan","UZ","UZB","860","EUR",2022,71,34,,,,,,,,,,,,,3578,,,
"Uzbekistan","UZ","UZB","860","EUR",2024,71,,,,,,,,,,,,,,3726,,,
"Venezuela (Bolivarian Republic of)","VE","VEN","862","AMR",2020,70,34,971,879,793,506,629,893,737,649,672,847,819,918,,,,
"Venezuela (Bolivarian Republic of)","VE","VEN","862","AMR",2021,70,35,813,876,768,636,638,737,906,762,825,815,757,813,,,,
"Venezuela (Bolivarian Republic of)","VE","VEN","862","AMR",2022,70,35,836,774,975,907,920,859,897,866,765,735,765,521,,,,
"Venezuela (Bolivarian Republic of)","VE","VEN","862","AMR",2023,70,35,836,824,984,710,937,699,,,,,,,,,,
"Venezuela (Bolivarian Republic of)","VE","VEN","862","AMR",2024,70,34,884,861,916,968,990,800,915,936,909,1034,820,608,,,,
"Venezuela (Bolivarian Republic of)","VE","VEN","862","AMR",2025,70,34,837,798,687,560,,,,,,,,,,,,
"Viet Nam","VN","VNM","704","WPR",2020,70,34,7221,7657,8195,6070,7730,8540,9451,7911,7983,8268,8106,8191,,,,
"Viet Nam","VN","VNM","704","WPR",2021,70,35,8767,5065,8659,8024,6896,5525,4057,2692,3134,4966,5652,5268,,,,
"Viet Nam","VN","VNM","704","WPR",2022,70,34,6271,5652,7983,8213,9924,9927,8965,9388,8336,8306,8133,7540,,,,
"Viet Nam","VN","VNM","704","WPR",2023,70,,6097,7675,9179,8302,7783,8170,8427,9747,8229,8727,8833,8329,,,,
"Viet Nam","VN","VNM","704","WPR",2024,70,,9043,6066,8757,8255,9316,8069,9618,9470,8064,10013,9050,8969,,,,
"Viet Nam","VN","VNM","704","WPR",2025,70,34,8195,7708,8118,8084,7645,7746,7573,7985,7737,8326,7561,8558,,,,
"Viet Nam","VN","VNM","704","WPR",2026,70,34,7011,,,,,,,,,,,,,,,
"Zambia","ZM","ZMB","894","AFR",2020,70,,3073,3248,3324,2646,2540,2631,3039,3555,3861,3997,4025,4089,,,,
"Zambia","ZM","ZMB","894","AFR",2021,70,34,3696,3611,4728,4061,3574,4061,3616,3873,4514,4387,5059,4470,,,,
"Zambia","ZM","ZMB","894","AFR",2022,70,34,3998,4252,5060,4714,4373,4283,4619,5143,5611,4457,5171,4535,,,,
"Zambia","ZM","ZMB","894","AFR",2023,70,,4162,4373,5554,,,,,,,,,,,,,
"Zambia","ZM","ZMB","894","AFR",2024,70,34,3921,4068,3946,3948,3972,3760,4352,4289,3662,4178,4078,3520,,,,
"Zambia","ZM","ZMB","894","AFR",2025,70,34,3621,3289,4134,3657,3551,3962,3811,,,,,,,,,
"Zimbabwe","ZW","ZWE","716","AFR",2020,71,,,,,,,,,,,,,,4992,3365,3296,
"Zimbabwe","ZW","ZWE","716","AFR",2021,71,34,,,,,,,,,,,,,3687,4122,2842,
"Zimbabwe","ZW","ZWE","716","AFR",2022,71,34,,,,,,,,,,,,,4518,4252,4347,4688
"Zimbabwe","ZW","ZWE","716","AFR",2023,71,34,,,,,,,,,,,,,4829,4819,4871,
"Zimbabwe","ZW","ZWE","716","AFR",2024,70,34,1817,1745,1568,1554,1764,1487,1792,1752,1799,1906,1632,1461,,,,
"Zimbabwe","ZW","ZWE","716","AFR",2025,70,34,2059,1552,1447,1884,1593,1591,1591,,,,,,,,,
