state,intv_id,policy_name,policy_type,feature,change_pct,causal,cost_tier,feasibility,time_horizon,base_prob,cf_prob,abs_effect,rel_effect,risk_tier,description,score,irm_stable
Andaman and Nicobar Islands,INT_01,TB Elimination Campaign,Treatment,tb_cases,-0.4,True,H,M,Long-term (3-5 years),0.0,0.0,0.0,0.0,LOW,Intensive case finding + treatment completion to reduce active TB cases by 40%,0.65,True
Andaman and Nicobar Islands,INT_02,Treatment Intensification,Treatment,tb_cases,-0.2,True,M,H,Medium-term (1-2 years),0.0,0.0,0.0,0.0,LOW,Enhanced DOTS + direct observed therapy to reduce active cases by 20%,1.05,True
Andaman and Nicobar Islands,INT_03,Aggressive Detection Drive,Detection,c_cdr,0.4,False,M,H,Short-term (6-12 months),0.0,0.0,0.0,0.0,LOW,Mass screening + mobile diagnostics to increase case detection rate by 40%,1.05,False
Andaman and Nicobar Islands,INT_04,Improve DOTS Coverage,Detection,c_cdr,0.2,False,L,H,Short-term (6-12 months),0.0,0.0,0.0,0.0,LOW,Expand DOTS network to increase case detection rate by 20%,1.2,False
Andaman and Nicobar Islands,INT_05,Prevention Programs,Prevention,e_inc_100k,-0.15,False,M,M,Long-term (3-5 years),0.0,0.0,0.0,0.0,LOW,BCG vaccination + contact tracing to reduce TB incidence by 15%,0.8,True
Andaman and Nicobar Islands,INT_06,Better Treatment Access,Treatment,e_mort_100k,-0.2,False,H,M,Medium-term (1-2 years),0.0,0.0,0.0,0.0,LOW,Improve access to second-line drugs to reduce TB mortality by 20%,0.65,False
Andhra Pradesh,INT_01,TB Elimination Campaign,Treatment,tb_cases,-0.4,True,H,M,Long-term (3-5 years),0.279,0.279,0.0,0.0,MODERATE,Intensive case finding + treatment completion to reduce active TB cases by 40%,0.65,True
Andhra Pradesh,INT_02,Treatment Intensification,Treatment,tb_cases,-0.2,True,M,H,Medium-term (1-2 years),0.279,0.279,0.0,0.0,MODERATE,Enhanced DOTS + direct observed therapy to reduce active cases by 20%,1.05,True
Andhra Pradesh,INT_03,Aggressive Detection Drive,Detection,c_cdr,0.4,False,M,H,Short-term (6-12 months),0.279,0.279,0.0,0.0,MODERATE,Mass screening + mobile diagnostics to increase case detection rate by 40%,1.05,False
Andhra Pradesh,INT_04,Improve DOTS Coverage,Detection,c_cdr,0.2,False,L,H,Short-term (6-12 months),0.279,0.279,0.0,0.0,MODERATE,Expand DOTS network to increase case detection rate by 20%,1.2,False
Andhra Pradesh,INT_05,Prevention Programs,Prevention,e_inc_100k,-0.15,False,M,M,Long-term (3-5 years),0.279,0.279,0.0,0.0,MODERATE,BCG vaccination + contact tracing to reduce TB incidence by 15%,0.8,True
Andhra Pradesh,INT_06,Better Treatment Access,Treatment,e_mort_100k,-0.2,False,H,M,Medium-term (1-2 years),0.279,0.279,0.0,0.0,MODERATE,Improve access to second-line drugs to reduce TB mortality by 20%,0.65,False
Arunachal Pradesh,INT_01,TB Elimination Campaign,Treatment,tb_cases,-0.4,True,H,M,Long-term (3-5 years),0.0,0.0,0.0,0.0,LOW,Intensive case finding + treatment completion to reduce active TB cases by 40%,0.65,True
Arunachal Pradesh,INT_02,Treatment Intensification,Treatment,tb_cases,-0.2,True,M,H,Medium-term (1-2 years),0.0,0.0,0.0,0.0,LOW,Enhanced DOTS + direct observed therapy to reduce active cases by 20%,1.05,True
Arunachal Pradesh,INT_03,Aggressive Detection Drive,Detection,c_cdr,0.4,False,M,H,Short-term (6-12 months),0.0,0.0,0.0,0.0,LOW,Mass screening + mobile diagnostics to increase case detection rate by 40%,1.05,False
Arunachal Pradesh,INT_04,Improve DOTS Coverage,Detection,c_cdr,0.2,False,L,H,Short-term (6-12 months),0.0,0.0,0.0,0.0,LOW,Expand DOTS network to increase case detection rate by 20%,1.2,False
Arunachal Pradesh,INT_05,Prevention Programs,Prevention,e_inc_100k,-0.15,False,M,M,Long-term (3-5 years),0.0,0.0,0.0,0.0,LOW,BCG vaccination + contact tracing to reduce TB incidence by 15%,0.8,True
Arunachal Pradesh,INT_06,Better Treatment Access,Treatment,e_mort_100k,-0.2,False,H,M,Medium-term (1-2 years),0.0,0.0,0.0,0.0,LOW,Improve access to second-line drugs to reduce TB mortality by 20%,0.65,False
Assam,INT_01,TB Elimination Campaign,Treatment,tb_cases,-0.4,True,H,M,Long-term (3-5 years),0.0,0.0,0.0,0.0,LOW,Intensive case finding + treatment completion to reduce active TB cases by 40%,0.65,True
Assam,INT_02,Treatment Intensification,Treatment,tb_cases,-0.2,True,M,H,Medium-term (1-2 years),0.0,0.0,0.0,0.0,LOW,Enhanced DOTS + direct observed therapy to reduce active cases by 20%,1.05,True
Assam,INT_03,Aggressive Detection Drive,Detection,c_cdr,0.4,False,M,H,Short-term (6-12 months),0.0,0.0,0.0,0.0,LOW,Mass screening + mobile diagnostics to increase case detection rate by 40%,1.05,False
Assam,INT_04,Improve DOTS Coverage,Detection,c_cdr,0.2,False,L,H,Short-term (6-12 months),0.0,0.0,0.0,0.0,LOW,Expand DOTS network to increase case detection rate by 20%,1.2,False
Assam,INT_05,Prevention Programs,Prevention,e_inc_100k,-0.15,False,M,M,Long-term (3-5 years),0.0,0.0,0.0,0.0,LOW,BCG vaccination + contact tracing to reduce TB incidence by 15%,0.8,True
Assam,INT_06,Better Treatment Access,Treatment,e_mort_100k,-0.2,False,H,M,Medium-term (1-2 years),0.0,0.0,0.0,0.0,LOW,Improve access to second-line drugs to reduce TB mortality by 20%,0.65,False
Bihar,INT_01,TB Elimination Campaign,Treatment,tb_cases,-0.4,True,H,M,Long-term (3-5 years),0.9768,0.5673,-0.4095,-41.93,CRITICAL,Intensive case finding + treatment completion to reduce active TB cases by 40%,25.807999999999996,True
Bihar,INT_02,Treatment Intensification,Treatment,tb_cases,-0.2,True,M,H,Medium-term (1-2 years),0.9768,0.5673,-0.4095,-41.93,CRITICAL,Enhanced DOTS + direct observed therapy to reduce active cases by 20%,26.208,True
Bihar,INT_03,Aggressive Detection Drive,Detection,c_cdr,0.4,False,M,H,Short-term (6-12 months),0.9768,0.9768,0.0,0.0,CRITICAL,Mass screening + mobile diagnostics to increase case detection rate by 40%,1.05,False
Bihar,INT_04,Improve DOTS Coverage,Detection,c_cdr,0.2,False,L,H,Short-term (6-12 months),0.9768,0.9768,0.0,0.0,CRITICAL,Expand DOTS network to increase case detection rate by 20%,1.2,False
Bihar,INT_05,Prevention Programs,Prevention,e_inc_100k,-0.15,False,M,M,Long-term (3-5 years),0.9768,0.9768,0.0,0.0,CRITICAL,BCG vaccination + contact tracing to reduce TB incidence by 15%,0.8,True
Bihar,INT_06,Better Treatment Access,Treatment,e_mort_100k,-0.2,False,H,M,Medium-term (1-2 years),0.9768,0.9768,0.0,0.0,CRITICAL,Improve access to second-line drugs to reduce TB mortality by 20%,0.65,False
Chandigarh,INT_01,TB Elimination Campaign,Treatment,tb_cases,-0.4,True,H,M,Long-term (3-5 years),0.0,0.0,0.0,0.0,LOW,Intensive case finding + treatment completion to reduce active TB cases by 40%,0.65,True
Chandigarh,INT_02,Treatment Intensification,Treatment,tb_cases,-0.2,True,M,H,Medium-term (1-2 years),0.0,0.0,0.0,0.0,LOW,Enhanced DOTS + direct observed therapy to reduce active cases by 20%,1.05,True
Chandigarh,INT_03,Aggressive Detection Drive,Detection,c_cdr,0.4,False,M,H,Short-term (6-12 months),0.0,0.0,0.0,0.0,LOW,Mass screening + mobile diagnostics to increase case detection rate by 40%,1.05,False
Chandigarh,INT_04,Improve DOTS Coverage,Detection,c_cdr,0.2,False,L,H,Short-term (6-12 months),0.0,0.0,0.0,0.0,LOW,Expand DOTS network to increase case detection rate by 20%,1.2,False
Chandigarh,INT_05,Prevention Programs,Prevention,e_inc_100k,-0.15,False,M,M,Long-term (3-5 years),0.0,0.0,0.0,0.0,LOW,BCG vaccination + contact tracing to reduce TB incidence by 15%,0.8,True
Chandigarh,INT_06,Better Treatment Access,Treatment,e_mort_100k,-0.2,False,H,M,Medium-term (1-2 years),0.0,0.0,0.0,0.0,LOW,Improve access to second-line drugs to reduce TB mortality by 20%,0.65,False
Chhattisgarh,INT_01,TB Elimination Campaign,Treatment,tb_cases,-0.4,True,H,M,Long-term (3-5 years),0.0,0.0,0.0,0.0,LOW,Intensive case finding + treatment completion to reduce active TB cases by 40%,0.65,True
Chhattisgarh,INT_02,Treatment Intensification,Treatment,tb_cases,-0.2,True,M,H,Medium-term (1-2 years),0.0,0.0,0.0,0.0,LOW,Enhanced DOTS + direct observed therapy to reduce active cases by 20%,1.05,True
Chhattisgarh,INT_03,Aggressive Detection Drive,Detection,c_cdr,0.4,False,M,H,Short-term (6-12 months),0.0,0.0,0.0,0.0,LOW,Mass screening + mobile diagnostics to increase case detection rate by 40%,1.05,False
Chhattisgarh,INT_04,Improve DOTS Coverage,Detection,c_cdr,0.2,False,L,H,Short-term (6-12 months),0.0,0.0,0.0,0.0,LOW,Expand DOTS network to increase case detection rate by 20%,1.2,False
Chhattisgarh,INT_05,Prevention Programs,Prevention,e_inc_100k,-0.15,False,M,M,Long-term (3-5 years),0.0,0.0,0.0,0.0,LOW,BCG vaccination + contact tracing to reduce TB incidence by 15%,0.8,True
Chhattisgarh,INT_06,Better Treatment Access,Treatment,e_mort_100k,-0.2,False,H,M,Medium-term (1-2 years),0.0,0.0,0.0,0.0,LOW,Improve access to second-line drugs to reduce TB mortality by 20%,0.65,False
Dadra and Nagar Haveli and Daman and Diu,INT_01,TB Elimination Campaign,Treatment,tb_cases,-0.4,True,H,M,Long-term (3-5 years),0.0,0.0,0.0,0.0,LOW,Intensive case finding + treatment completion to reduce active TB cases by 40%,0.65,True
Dadra and Nagar Haveli and Daman and Diu,INT_02,Treatment Intensification,Treatment,tb_cases,-0.2,True,M,H,Medium-term (1-2 years),0.0,0.0,0.0,0.0,LOW,Enhanced DOTS + direct observed therapy to reduce active cases by 20%,1.05,True
Dadra and Nagar Haveli and Daman and Diu,INT_03,Aggressive Detection Drive,Detection,c_cdr,0.4,False,M,H,Short-term (6-12 months),0.0,0.0,0.0,0.0,LOW,Mass screening + mobile diagnostics to increase case detection rate by 40%,1.05,False
Dadra and Nagar Haveli and Daman and Diu,INT_04,Improve DOTS Coverage,Detection,c_cdr,0.2,False,L,H,Short-term (6-12 months),0.0,0.0,0.0,0.0,LOW,Expand DOTS network to increase case detection rate by 20%,1.2,False
Dadra and Nagar Haveli and Daman and Diu,INT_05,Prevention Programs,Prevention,e_inc_100k,-0.15,False,M,M,Long-term (3-5 years),0.0,0.0,0.0,0.0,LOW,BCG vaccination + contact tracing to reduce TB incidence by 15%,0.8,True
Dadra and Nagar Haveli and Daman and Diu,INT_06,Better Treatment Access,Treatment,e_mort_100k,-0.2,False,H,M,Medium-term (1-2 years),0.0,0.0,0.0,0.0,LOW,Improve access to second-line drugs to reduce TB mortality by 20%,0.65,False
Delhi,INT_01,TB Elimination Campaign,Treatment,tb_cases,-0.4,True,H,M,Long-term (3-5 years),0.2583,0.2583,0.0,0.0,MODERATE,Intensive case finding + treatment completion to reduce active TB cases by 40%,0.65,True
Delhi,INT_02,Treatment Intensification,Treatment,tb_cases,-0.2,True,M,H,Medium-term (1-2 years),0.2583,0.2583,0.0,0.0,MODERATE,Enhanced DOTS + direct observed therapy to reduce active cases by 20%,1.05,True
Delhi,INT_03,Aggressive Detection Drive,Detection,c_cdr,0.4,False,M,H,Short-term (6-12 months),0.2583,0.2583,0.0,0.0,MODERATE,Mass screening + mobile diagnostics to increase case detection rate by 40%,1.05,False
Delhi,INT_04,Improve DOTS Coverage,Detection,c_cdr,0.2,False,L,H,Short-term (6-12 months),0.2583,0.2583,0.0,0.0,MODERATE,Expand DOTS network to increase case detection rate by 20%,1.2,False
Delhi,INT_05,Prevention Programs,Prevention,e_inc_100k,-0.15,False,M,M,Long-term (3-5 years),0.2583,0.2583,0.0,0.0,MODERATE,BCG vaccination + contact tracing to reduce TB incidence by 15%,0.8,True
Delhi,INT_06,Better Treatment Access,Treatment,e_mort_100k,-0.2,False,H,M,Medium-term (1-2 years),0.2583,0.2583,0.0,0.0,MODERATE,Improve access to second-line drugs to reduce TB mortality by 20%,0.65,False
Goa,INT_01,TB Elimination Campaign,Treatment,tb_cases,-0.4,True,H,M,Long-term (3-5 years),0.0,0.0,0.0,0.0,LOW,Intensive case finding + treatment completion to reduce active TB cases by 40%,0.65,True
Goa,INT_02,Treatment Intensification,Treatment,tb_cases,-0.2,True,M,H,Medium-term (1-2 years),0.0,0.0,0.0,0.0,LOW,Enhanced DOTS + direct observed therapy to reduce active cases by 20%,1.05,True
Goa,INT_03,Aggressive Detection Drive,Detection,c_cdr,0.4,False,M,H,Short-term (6-12 months),0.0,0.0,0.0,0.0,LOW,Mass screening + mobile diagnostics to increase case detection rate by 40%,1.05,False
Goa,INT_04,Improve DOTS Coverage,Detection,c_cdr,0.2,False,L,H,Short-term (6-12 months),0.0,0.0,0.0,0.0,LOW,Expand DOTS network to increase case detection rate by 20%,1.2,False
Goa,INT_05,Prevention Programs,Prevention,e_inc_100k,-0.15,False,M,M,Long-term (3-5 years),0.0,0.0,0.0,0.0,LOW,BCG vaccination + contact tracing to reduce TB incidence by 15%,0.8,True
Goa,INT_06,Better Treatment Access,Treatment,e_mort_100k,-0.2,False,H,M,Medium-term (1-2 years),0.0,0.0,0.0,0.0,LOW,Improve access to second-line drugs to reduce TB mortality by 20%,0.65,False
Gujarat,INT_01,TB Elimination Campaign,Treatment,tb_cases,-0.4,True,H,M,Long-term (3-5 years),0.2805,0.2805,0.0,0.0,MODERATE,Intensive case finding + treatment completion to reduce active TB cases by 40%,0.65,True
Gujarat,INT_02,Treatment Intensification,Treatment,tb_cases,-0.2,True,M,H,Medium-term (1-2 years),0.2805,0.2805,0.0,0.0,MODERATE,Enhanced DOTS + direct observed therapy to reduce active cases by 20%,1.05,True
Gujarat,INT_03,Aggressive Detection Drive,Detection,c_cdr,0.4,False,M,H,Short-term (6-12 months),0.2805,0.2805,0.0,0.0,MODERATE,Mass screening + mobile diagnostics to increase case detection rate by 40%,1.05,False
Gujarat,INT_04,Improve DOTS Coverage,Detection,c_cdr,0.2,False,L,H,Short-term (6-12 months),0.2805,0.2805,0.0,0.0,MODERATE,Expand DOTS network to increase case detection rate by 20%,1.2,False
Gujarat,INT_05,Prevention Programs,Prevention,e_inc_100k,-0.15,False,M,M,Long-term (3-5 years),0.2805,0.2805,0.0,0.0,MODERATE,BCG vaccination + contact tracing to reduce TB incidence by 15%,0.8,True
Gujarat,INT_06,Better Treatment Access,Treatment,e_mort_100k,-0.2,False,H,M,Medium-term (1-2 years),0.2805,0.2805,0.0,0.0,MODERATE,Improve access to second-line drugs to reduce TB mortality by 20%,0.65,False
Haryana,INT_01,TB Elimination Campaign,Treatment,tb_cases,-0.4,True,H,M,Long-term (3-5 years),0.2144,0.2144,0.0,0.0,LOW,Intensive case finding + treatment completion to reduce active TB cases by 40%,0.65,True
Haryana,INT_02,Treatment Intensification,Treatment,tb_cases,-0.2,True,M,H,Medium-term (1-2 years),0.2144,0.2144,0.0,0.0,LOW,Enhanced DOTS + direct observed therapy to reduce active cases by 20%,1.05,True
Haryana,INT_03,Aggressive Detection Drive,Detection,c_cdr,0.4,False,M,H,Short-term (6-12 months),0.2144,0.2144,0.0,0.0,LOW,Mass screening + mobile diagnostics to increase case detection rate by 40%,1.05,False
Haryana,INT_04,Improve DOTS Coverage,Detection,c_cdr,0.2,False,L,H,Short-term (6-12 months),0.2144,0.2144,0.0,0.0,LOW,Expand DOTS network to increase case detection rate by 20%,1.2,False
Haryana,INT_05,Prevention Programs,Prevention,e_inc_100k,-0.15,False,M,M,Long-term (3-5 years),0.2144,0.2144,0.0,0.0,LOW,BCG vaccination + contact tracing to reduce TB incidence by 15%,0.8,True
Haryana,INT_06,Better Treatment Access,Treatment,e_mort_100k,-0.2,False,H,M,Medium-term (1-2 years),0.2144,0.2144,0.0,0.0,LOW,Improve access to second-line drugs to reduce TB mortality by 20%,0.65,False
Himachal Pradesh,INT_01,TB Elimination Campaign,Treatment,tb_cases,-0.4,True,H,M,Long-term (3-5 years),0.0,0.0,0.0,0.0,LOW,Intensive case finding + treatment completion to reduce active TB cases by 40%,0.65,True
Himachal Pradesh,INT_02,Treatment Intensification,Treatment,tb_cases,-0.2,True,M,H,Medium-term (1-2 years),0.0,0.0,0.0,0.0,LOW,Enhanced DOTS + direct observed therapy to reduce active cases by 20%,1.05,True
Himachal Pradesh,INT_03,Aggressive Detection Drive,Detection,c_cdr,0.4,False,M,H,Short-term (6-12 months),0.0,0.0,0.0,0.0,LOW,Mass screening + mobile diagnostics to increase case detection rate by 40%,1.05,False
Himachal Pradesh,INT_04,Improve DOTS Coverage,Detection,c_cdr,0.2,False,L,H,Short-term (6-12 months),0.0,0.0,0.0,0.0,LOW,Expand DOTS network to increase case detection rate by 20%,1.2,False
Himachal Pradesh,INT_05,Prevention Programs,Prevention,e_inc_100k,-0.15,False,M,M,Long-term (3-5 years),0.0,0.0,0.0,0.0,LOW,BCG vaccination + contact tracing to reduce TB incidence by 15%,0.8,True
Himachal Pradesh,INT_06,Better Treatment Access,Treatment,e_mort_100k,-0.2,False,H,M,Medium-term (1-2 years),0.0,0.0,0.0,0.0,LOW,Improve access to second-line drugs to reduce TB mortality by 20%,0.65,False
Jammu and Kashmir,INT_01,TB Elimination Campaign,Treatment,tb_cases,-0.4,True,H,M,Long-term (3-5 years),0.0,0.0,0.0,0.0,LOW,Intensive case finding + treatment completion to reduce active TB cases by 40%,0.65,True
Jammu and Kashmir,INT_02,Treatment Intensification,Treatment,tb_cases,-0.2,True,M,H,Medium-term (1-2 years),0.0,0.0,0.0,0.0,LOW,Enhanced DOTS + direct observed therapy to reduce active cases by 20%,1.05,True
Jammu and Kashmir,INT_03,Aggressive Detection Drive,Detection,c_cdr,0.4,False,M,H,Short-term (6-12 months),0.0,0.0,0.0,0.0,LOW,Mass screening + mobile diagnostics to increase case detection rate by 40%,1.05,False
Jammu and Kashmir,INT_04,Improve DOTS Coverage,Detection,c_cdr,0.2,False,L,H,Short-term (6-12 months),0.0,0.0,0.0,0.0,LOW,Expand DOTS network to increase case detection rate by 20%,1.2,False
Jammu and Kashmir,INT_05,Prevention Programs,Prevention,e_inc_100k,-0.15,False,M,M,Long-term (3-5 years),0.0,0.0,0.0,0.0,LOW,BCG vaccination + contact tracing to reduce TB incidence by 15%,0.8,True
Jammu and Kashmir,INT_06,Better Treatment Access,Treatment,e_mort_100k,-0.2,False,H,M,Medium-term (1-2 years),0.0,0.0,0.0,0.0,LOW,Improve access to second-line drugs to reduce TB mortality by 20%,0.65,False
Jharkhand,INT_01,TB Elimination Campaign,Treatment,tb_cases,-0.4,True,H,M,Long-term (3-5 years),0.0029,0.0029,0.0,0.0,LOW,Intensive case finding + treatment completion to reduce active TB cases by 40%,0.65,True
Jharkhand,INT_02,Treatment Intensification,Treatment,tb_cases,-0.2,True,M,H,Medium-term (1-2 years),0.0029,0.0029,0.0,0.0,LOW,Enhanced DOTS + direct observed therapy to reduce active cases by 20%,1.05,True
Jharkhand,INT_03,Aggressive Detection Drive,Detection,c_cdr,0.4,False,M,H,Short-term (6-12 months),0.0029,0.0029,0.0,0.0,LOW,Mass screening + mobile diagnostics to increase case detection rate by 40%,1.05,False
Jharkhand,INT_04,Improve DOTS Coverage,Detection,c_cdr,0.2,False,L,H,Short-term (6-12 months),0.0029,0.0029,0.0,0.0,LOW,Expand DOTS network to increase case detection rate by 20%,1.2,False
Jharkhand,INT_05,Prevention Programs,Prevention,e_inc_100k,-0.15,False,M,M,Long-term (3-5 years),0.0029,0.0029,0.0,0.0,LOW,BCG vaccination + contact tracing to reduce TB incidence by 15%,0.8,True
Jharkhand,INT_06,Better Treatment Access,Treatment,e_mort_100k,-0.2,False,H,M,Medium-term (1-2 years),0.0029,0.0029,0.0,0.0,LOW,Improve access to second-line drugs to reduce TB mortality by 20%,0.65,False
Karnataka,INT_01,TB Elimination Campaign,Treatment,tb_cases,-0.4,True,H,M,Long-term (3-5 years),0.2229,0.2229,0.0,0.0,LOW,Intensive case finding + treatment completion to reduce active TB cases by 40%,0.65,True
Karnataka,INT_02,Treatment Intensification,Treatment,tb_cases,-0.2,True,M,H,Medium-term (1-2 years),0.2229,0.2229,0.0,0.0,LOW,Enhanced DOTS + direct observed therapy to reduce active cases by 20%,1.05,True
Karnataka,INT_03,Aggressive Detection Drive,Detection,c_cdr,0.4,False,M,H,Short-term (6-12 months),0.2229,0.2229,0.0,0.0,LOW,Mass screening + mobile diagnostics to increase case detection rate by 40%,1.05,False
Karnataka,INT_04,Improve DOTS Coverage,Detection,c_cdr,0.2,False,L,H,Short-term (6-12 months),0.2229,0.2229,0.0,0.0,LOW,Expand DOTS network to increase case detection rate by 20%,1.2,False
Karnataka,INT_05,Prevention Programs,Prevention,e_inc_100k,-0.15,False,M,M,Long-term (3-5 years),0.2229,0.2229,0.0,0.0,LOW,BCG vaccination + contact tracing to reduce TB incidence by 15%,0.8,True
Karnataka,INT_06,Better Treatment Access,Treatment,e_mort_100k,-0.2,False,H,M,Medium-term (1-2 years),0.2229,0.2229,0.0,0.0,LOW,Improve access to second-line drugs to reduce TB mortality by 20%,0.65,False
Kerala,INT_01,TB Elimination Campaign,Treatment,tb_cases,-0.4,True,H,M,Long-term (3-5 years),0.0,0.0,0.0,0.0,LOW,Intensive case finding + treatment completion to reduce active TB cases by 40%,0.65,True
Kerala,INT_02,Treatment Intensification,Treatment,tb_cases,-0.2,True,M,H,Medium-term (1-2 years),0.0,0.0,0.0,0.0,LOW,Enhanced DOTS + direct observed therapy to reduce active cases by 20%,1.05,True
Kerala,INT_03,Aggressive Detection Drive,Detection,c_cdr,0.4,False,M,H,Short-term (6-12 months),0.0,0.0,0.0,0.0,LOW,Mass screening + mobile diagnostics to increase case detection rate by 40%,1.05,False
Kerala,INT_04,Improve DOTS Coverage,Detection,c_cdr,0.2,False,L,H,Short-term (6-12 months),0.0,0.0,0.0,0.0,LOW,Expand DOTS network to increase case detection rate by 20%,1.2,False
Kerala,INT_05,Prevention Programs,Prevention,e_inc_100k,-0.15,False,M,M,Long-term (3-5 years),0.0,0.0,0.0,0.0,LOW,BCG vaccination + contact tracing to reduce TB incidence by 15%,0.8,True
Kerala,INT_06,Better Treatment Access,Treatment,e_mort_100k,-0.2,False,H,M,Medium-term (1-2 years),0.0,0.0,0.0,0.0,LOW,Improve access to second-line drugs to reduce TB mortality by 20%,0.65,False
Ladakh,INT_01,TB Elimination Campaign,Treatment,tb_cases,-0.4,True,H,M,Long-term (3-5 years),0.0,0.0,0.0,0.0,LOW,Intensive case finding + treatment completion to reduce active TB cases by 40%,0.65,True
Ladakh,INT_02,Treatment Intensification,Treatment,tb_cases,-0.2,True,M,H,Medium-term (1-2 years),0.0,0.0,0.0,0.0,LOW,Enhanced DOTS + direct observed therapy to reduce active cases by 20%,1.05,True
Ladakh,INT_03,Aggressive Detection Drive,Detection,c_cdr,0.4,False,M,H,Short-term (6-12 months),0.0,0.0,0.0,0.0,LOW,Mass screening + mobile diagnostics to increase case detection rate by 40%,1.05,False
Ladakh,INT_04,Improve DOTS Coverage,Detection,c_cdr,0.2,False,L,H,Short-term (6-12 months),0.0,0.0,0.0,0.0,LOW,Expand DOTS network to increase case detection rate by 20%,1.2,False
Ladakh,INT_05,Prevention Programs,Prevention,e_inc_100k,-0.15,False,M,M,Long-term (3-5 years),0.0,0.0,0.0,0.0,LOW,BCG vaccination + contact tracing to reduce TB incidence by 15%,0.8,True
Ladakh,INT_06,Better Treatment Access,Treatment,e_mort_100k,-0.2,False,H,M,Medium-term (1-2 years),0.0,0.0,0.0,0.0,LOW,Improve access to second-line drugs to reduce TB mortality by 20%,0.65,False
Lakshadweep,INT_01,TB Elimination Campaign,Treatment,tb_cases,-0.4,True,H,M,Long-term (3-5 years),0.0,0.0,0.0,0.0,LOW,Intensive case finding + treatment completion to reduce active TB cases by 40%,0.65,True
Lakshadweep,INT_02,Treatment Intensification,Treatment,tb_cases,-0.2,True,M,H,Medium-term (1-2 years),0.0,0.0,0.0,0.0,LOW,Enhanced DOTS + direct observed therapy to reduce active cases by 20%,1.05,True
Lakshadweep,INT_03,Aggressive Detection Drive,Detection,c_cdr,0.4,False,M,H,Short-term (6-12 months),0.0,0.0,0.0,0.0,LOW,Mass screening + mobile diagnostics to increase case detection rate by 40%,1.05,False
Lakshadweep,INT_04,Improve DOTS Coverage,Detection,c_cdr,0.2,False,L,H,Short-term (6-12 months),0.0,0.0,0.0,0.0,LOW,Expand DOTS network to increase case detection rate by 20%,1.2,False
Lakshadweep,INT_05,Prevention Programs,Prevention,e_inc_100k,-0.15,False,M,M,Long-term (3-5 years),0.0,0.0,0.0,0.0,LOW,BCG vaccination + contact tracing to reduce TB incidence by 15%,0.8,True
Lakshadweep,INT_06,Better Treatment Access,Treatment,e_mort_100k,-0.2,False,H,M,Medium-term (1-2 years),0.0,0.0,0.0,0.0,LOW,Improve access to second-line drugs to reduce TB mortality by 20%,0.65,False
Madhya Pradesh,INT_01,TB Elimination Campaign,Treatment,tb_cases,-0.4,True,H,M,Long-term (3-5 years),0.8805,0.5105,-0.37,-42.02,CRITICAL,Intensive case finding + treatment completion to reduce active TB cases by 40%,25.862,True
Madhya Pradesh,INT_02,Treatment Intensification,Treatment,tb_cases,-0.2,True,M,H,Medium-term (1-2 years),0.8805,0.5105,-0.37,-42.02,CRITICAL,Enhanced DOTS + direct observed therapy to reduce active cases by 20%,26.262,True
Madhya Pradesh,INT_03,Aggressive Detection Drive,Detection,c_cdr,0.4,False,M,H,Short-term (6-12 months),0.8805,0.8805,0.0,0.0,CRITICAL,Mass screening + mobile diagnostics to increase case detection rate by 40%,1.05,False
Madhya Pradesh,INT_04,Improve DOTS Coverage,Detection,c_cdr,0.2,False,L,H,Short-term (6-12 months),0.8805,0.8805,0.0,0.0,CRITICAL,Expand DOTS network to increase case detection rate by 20%,1.2,False
Madhya Pradesh,INT_05,Prevention Programs,Prevention,e_inc_100k,-0.15,False,M,M,Long-term (3-5 years),0.8805,0.8805,0.0,0.0,CRITICAL,BCG vaccination + contact tracing to reduce TB incidence by 15%,0.8,True
Madhya Pradesh,INT_06,Better Treatment Access,Treatment,e_mort_100k,-0.2,False,H,M,Medium-term (1-2 years),0.8805,0.8805,0.0,0.0,CRITICAL,Improve access to second-line drugs to reduce TB mortality by 20%,0.65,False
Maharashtra,INT_01,TB Elimination Campaign,Treatment,tb_cases,-0.4,True,H,M,Long-term (3-5 years),1.0,0.5815,-0.4185,-41.85,CRITICAL,Intensive case finding + treatment completion to reduce active TB cases by 40%,25.759999999999998,True
Maharashtra,INT_02,Treatment Intensification,Treatment,tb_cases,-0.2,True,M,H,Medium-term (1-2 years),1.0,0.9515,-0.0485,-4.85,CRITICAL,Enhanced DOTS + direct observed therapy to reduce active cases by 20%,3.9599999999999995,True
Maharashtra,INT_03,Aggressive Detection Drive,Detection,c_cdr,0.4,False,M,H,Short-term (6-12 months),1.0,1.0,0.0,0.0,CRITICAL,Mass screening + mobile diagnostics to increase case detection rate by 40%,1.05,False
Maharashtra,INT_04,Improve DOTS Coverage,Detection,c_cdr,0.2,False,L,H,Short-term (6-12 months),1.0,1.0,0.0,0.0,CRITICAL,Expand DOTS network to increase case detection rate by 20%,1.2,False
Maharashtra,INT_05,Prevention Programs,Prevention,e_inc_100k,-0.15,False,M,M,Long-term (3-5 years),1.0,1.0,0.0,0.0,CRITICAL,BCG vaccination + contact tracing to reduce TB incidence by 15%,0.8,True
Maharashtra,INT_06,Better Treatment Access,Treatment,e_mort_100k,-0.2,False,H,M,Medium-term (1-2 years),1.0,1.0,0.0,0.0,CRITICAL,Improve access to second-line drugs to reduce TB mortality by 20%,0.65,False
Manipur,INT_01,TB Elimination Campaign,Treatment,tb_cases,-0.4,True,H,M,Long-term (3-5 years),0.0,0.0,0.0,0.0,LOW,Intensive case finding + treatment completion to reduce active TB cases by 40%,0.65,True
Manipur,INT_02,Treatment Intensification,Treatment,tb_cases,-0.2,True,M,H,Medium-term (1-2 years),0.0,0.0,0.0,0.0,LOW,Enhanced DOTS + direct observed therapy to reduce active cases by 20%,1.05,True
Manipur,INT_03,Aggressive Detection Drive,Detection,c_cdr,0.4,False,M,H,Short-term (6-12 months),0.0,0.0,0.0,0.0,LOW,Mass screening + mobile diagnostics to increase case detection rate by 40%,1.05,False
Manipur,INT_04,Improve DOTS Coverage,Detection,c_cdr,0.2,False,L,H,Short-term (6-12 months),0.0,0.0,0.0,0.0,LOW,Expand DOTS network to increase case detection rate by 20%,1.2,False
Manipur,INT_05,Prevention Programs,Prevention,e_inc_100k,-0.15,False,M,M,Long-term (3-5 years),0.0,0.0,0.0,0.0,LOW,BCG vaccination + contact tracing to reduce TB incidence by 15%,0.8,True
Manipur,INT_06,Better Treatment Access,Treatment,e_mort_100k,-0.2,False,H,M,Medium-term (1-2 years),0.0,0.0,0.0,0.0,LOW,Improve access to second-line drugs to reduce TB mortality by 20%,0.65,False
Meghalaya,INT_01,TB Elimination Campaign,Treatment,tb_cases,-0.4,True,H,M,Long-term (3-5 years),0.0,0.0,0.0,0.0,LOW,Intensive case finding + treatment completion to reduce active TB cases by 40%,0.65,True
Meghalaya,INT_02,Treatment Intensification,Treatment,tb_cases,-0.2,True,M,H,Medium-term (1-2 years),0.0,0.0,0.0,0.0,LOW,Enhanced DOTS + direct observed therapy to reduce active cases by 20%,1.05,True
Meghalaya,INT_03,Aggressive Detection Drive,Detection,c_cdr,0.4,False,M,H,Short-term (6-12 months),0.0,0.0,0.0,0.0,LOW,Mass screening + mobile diagnostics to increase case detection rate by 40%,1.05,False
Meghalaya,INT_04,Improve DOTS Coverage,Detection,c_cdr,0.2,False,L,H,Short-term (6-12 months),0.0,0.0,0.0,0.0,LOW,Expand DOTS network to increase case detection rate by 20%,1.2,False
Meghalaya,INT_05,Prevention Programs,Prevention,e_inc_100k,-0.15,False,M,M,Long-term (3-5 years),0.0,0.0,0.0,0.0,LOW,BCG vaccination + contact tracing to reduce TB incidence by 15%,0.8,True
Meghalaya,INT_06,Better Treatment Access,Treatment,e_mort_100k,-0.2,False,H,M,Medium-term (1-2 years),0.0,0.0,0.0,0.0,LOW,Improve access to second-line drugs to reduce TB mortality by 20%,0.65,False
Mizoram,INT_01,TB Elimination Campaign,Treatment,tb_cases,-0.4,True,H,M,Long-term (3-5 years),0.0,0.0,0.0,0.0,LOW,Intensive case finding + treatment completion to reduce active TB cases by 40%,0.65,True
Mizoram,INT_02,Treatment Intensification,Treatment,tb_cases,-0.2,True,M,H,Medium-term (1-2 years),0.0,0.0,0.0,0.0,LOW,Enhanced DOTS + direct observed therapy to reduce active cases by 20%,1.05,True
Mizoram,INT_03,Aggressive Detection Drive,Detection,c_cdr,0.4,False,M,H,Short-term (6-12 months),0.0,0.0,0.0,0.0,LOW,Mass screening + mobile diagnostics to increase case detection rate by 40%,1.05,False
Mizoram,INT_04,Improve DOTS Coverage,Detection,c_cdr,0.2,False,L,H,Short-term (6-12 months),0.0,0.0,0.0,0.0,LOW,Expand DOTS network to increase case detection rate by 20%,1.2,False
Mizoram,INT_05,Prevention Programs,Prevention,e_inc_100k,-0.15,False,M,M,Long-term (3-5 years),0.0,0.0,0.0,0.0,LOW,BCG vaccination + contact tracing to reduce TB incidence by 15%,0.8,True
Mizoram,INT_06,Better Treatment Access,Treatment,e_mort_100k,-0.2,False,H,M,Medium-term (1-2 years),0.0,0.0,0.0,0.0,LOW,Improve access to second-line drugs to reduce TB mortality by 20%,0.65,False
Nagaland,INT_01,TB Elimination Campaign,Treatment,tb_cases,-0.4,True,H,M,Long-term (3-5 years),0.0,0.0,0.0,0.0,LOW,Intensive case finding + treatment completion to reduce active TB cases by 40%,0.65,True
Nagaland,INT_02,Treatment Intensification,Treatment,tb_cases,-0.2,True,M,H,Medium-term (1-2 years),0.0,0.0,0.0,0.0,LOW,Enhanced DOTS + direct observed therapy to reduce active cases by 20%,1.05,True
Nagaland,INT_03,Aggressive Detection Drive,Detection,c_cdr,0.4,False,M,H,Short-term (6-12 months),0.0,0.0,0.0,0.0,LOW,Mass screening + mobile diagnostics to increase case detection rate by 40%,1.05,False
Nagaland,INT_04,Improve DOTS Coverage,Detection,c_cdr,0.2,False,L,H,Short-term (6-12 months),0.0,0.0,0.0,0.0,LOW,Expand DOTS network to increase case detection rate by 20%,1.2,False
Nagaland,INT_05,Prevention Programs,Prevention,e_inc_100k,-0.15,False,M,M,Long-term (3-5 years),0.0,0.0,0.0,0.0,LOW,BCG vaccination + contact tracing to reduce TB incidence by 15%,0.8,True
Nagaland,INT_06,Better Treatment Access,Treatment,e_mort_100k,-0.2,False,H,M,Medium-term (1-2 years),0.0,0.0,0.0,0.0,LOW,Improve access to second-line drugs to reduce TB mortality by 20%,0.65,False
Odisha,INT_01,TB Elimination Campaign,Treatment,tb_cases,-0.4,True,H,M,Long-term (3-5 years),0.0107,0.0107,0.0,0.0,LOW,Intensive case finding + treatment completion to reduce active TB cases by 40%,0.65,True
Odisha,INT_02,Treatment Intensification,Treatment,tb_cases,-0.2,True,M,H,Medium-term (1-2 years),0.0107,0.0107,0.0,0.0,LOW,Enhanced DOTS + direct observed therapy to reduce active cases by 20%,1.05,True
Odisha,INT_03,Aggressive Detection Drive,Detection,c_cdr,0.4,False,M,H,Short-term (6-12 months),0.0107,0.0107,0.0,0.0,LOW,Mass screening + mobile diagnostics to increase case detection rate by 40%,1.05,False
Odisha,INT_04,Improve DOTS Coverage,Detection,c_cdr,0.2,False,L,H,Short-term (6-12 months),0.0107,0.0107,0.0,0.0,LOW,Expand DOTS network to increase case detection rate by 20%,1.2,False
Odisha,INT_05,Prevention Programs,Prevention,e_inc_100k,-0.15,False,M,M,Long-term (3-5 years),0.0107,0.0107,0.0,0.0,LOW,BCG vaccination + contact tracing to reduce TB incidence by 15%,0.8,True
Odisha,INT_06,Better Treatment Access,Treatment,e_mort_100k,-0.2,False,H,M,Medium-term (1-2 years),0.0107,0.0107,0.0,0.0,LOW,Improve access to second-line drugs to reduce TB mortality by 20%,0.65,False
Puducherry,INT_01,TB Elimination Campaign,Treatment,tb_cases,-0.4,True,H,M,Long-term (3-5 years),0.0,0.0,0.0,0.0,LOW,Intensive case finding + treatment completion to reduce active TB cases by 40%,0.65,True
Puducherry,INT_02,Treatment Intensification,Treatment,tb_cases,-0.2,True,M,H,Medium-term (1-2 years),0.0,0.0,0.0,0.0,LOW,Enhanced DOTS + direct observed therapy to reduce active cases by 20%,1.05,True
Puducherry,INT_03,Aggressive Detection Drive,Detection,c_cdr,0.4,False,M,H,Short-term (6-12 months),0.0,0.0,0.0,0.0,LOW,Mass screening + mobile diagnostics to increase case detection rate by 40%,1.05,False
Puducherry,INT_04,Improve DOTS Coverage,Detection,c_cdr,0.2,False,L,H,Short-term (6-12 months),0.0,0.0,0.0,0.0,LOW,Expand DOTS network to increase case detection rate by 20%,1.2,False
Puducherry,INT_05,Prevention Programs,Prevention,e_inc_100k,-0.15,False,M,M,Long-term (3-5 years),0.0,0.0,0.0,0.0,LOW,BCG vaccination + contact tracing to reduce TB incidence by 15%,0.8,True
Puducherry,INT_06,Better Treatment Access,Treatment,e_mort_100k,-0.2,False,H,M,Medium-term (1-2 years),0.0,0.0,0.0,0.0,LOW,Improve access to second-line drugs to reduce TB mortality by 20%,0.65,False
Punjab,INT_01,TB Elimination Campaign,Treatment,tb_cases,-0.4,True,H,M,Long-term (3-5 years),0.0025,0.0025,0.0,0.0,LOW,Intensive case finding + treatment completion to reduce active TB cases by 40%,0.65,True
Punjab,INT_02,Treatment Intensification,Treatment,tb_cases,-0.2,True,M,H,Medium-term (1-2 years),0.0025,0.0025,0.0,0.0,LOW,Enhanced DOTS + direct observed therapy to reduce active cases by 20%,1.05,True
Punjab,INT_03,Aggressive Detection Drive,Detection,c_cdr,0.4,False,M,H,Short-term (6-12 months),0.0025,0.0025,0.0,0.0,LOW,Mass screening + mobile diagnostics to increase case detection rate by 40%,1.05,False
Punjab,INT_04,Improve DOTS Coverage,Detection,c_cdr,0.2,False,L,H,Short-term (6-12 months),0.0025,0.0025,0.0,0.0,LOW,Expand DOTS network to increase case detection rate by 20%,1.2,False
Punjab,INT_05,Prevention Programs,Prevention,e_inc_100k,-0.15,False,M,M,Long-term (3-5 years),0.0025,0.0025,0.0,0.0,LOW,BCG vaccination + contact tracing to reduce TB incidence by 15%,0.8,True
Punjab,INT_06,Better Treatment Access,Treatment,e_mort_100k,-0.2,False,H,M,Medium-term (1-2 years),0.0025,0.0025,0.0,0.0,LOW,Improve access to second-line drugs to reduce TB mortality by 20%,0.65,False
Rajasthan,INT_01,TB Elimination Campaign,Treatment,tb_cases,-0.4,True,H,M,Long-term (3-5 years),0.3305,0.2905,-0.04,-12.1,MODERATE,Intensive case finding + treatment completion to reduce active TB cases by 40%,7.91,True
Rajasthan,INT_02,Treatment Intensification,Treatment,tb_cases,-0.2,True,M,H,Medium-term (1-2 years),0.3305,0.2905,-0.04,-12.1,MODERATE,Enhanced DOTS + direct observed therapy to reduce active cases by 20%,8.31,True
Rajasthan,INT_03,Aggressive Detection Drive,Detection,c_cdr,0.4,False,M,H,Short-term (6-12 months),0.3305,0.3305,0.0,0.0,MODERATE,Mass screening + mobile diagnostics to increase case detection rate by 40%,1.05,False
Rajasthan,INT_04,Improve DOTS Coverage,Detection,c_cdr,0.2,False,L,H,Short-term (6-12 months),0.3305,0.3305,0.0,0.0,MODERATE,Expand DOTS network to increase case detection rate by 20%,1.2,False
Rajasthan,INT_05,Prevention Programs,Prevention,e_inc_100k,-0.15,False,M,M,Long-term (3-5 years),0.3305,0.3305,0.0,0.0,MODERATE,BCG vaccination + contact tracing to reduce TB incidence by 15%,0.8,True
Rajasthan,INT_06,Better Treatment Access,Treatment,e_mort_100k,-0.2,False,H,M,Medium-term (1-2 years),0.3305,0.3305,0.0,0.0,MODERATE,Improve access to second-line drugs to reduce TB mortality by 20%,0.65,False
Sikkim,INT_01,TB Elimination Campaign,Treatment,tb_cases,-0.4,True,H,M,Long-term (3-5 years),0.0,0.0,0.0,0.0,LOW,Intensive case finding + treatment completion to reduce active TB cases by 40%,0.65,True
Sikkim,INT_02,Treatment Intensification,Treatment,tb_cases,-0.2,True,M,H,Medium-term (1-2 years),0.0,0.0,0.0,0.0,LOW,Enhanced DOTS + direct observed therapy to reduce active cases by 20%,1.05,True
Sikkim,INT_03,Aggressive Detection Drive,Detection,c_cdr,0.4,False,M,H,Short-term (6-12 months),0.0,0.0,0.0,0.0,LOW,Mass screening + mobile diagnostics to increase case detection rate by 40%,1.05,False
Sikkim,INT_04,Improve DOTS Coverage,Detection,c_cdr,0.2,False,L,H,Short-term (6-12 months),0.0,0.0,0.0,0.0,LOW,Expand DOTS network to increase case detection rate by 20%,1.2,False
Sikkim,INT_05,Prevention Programs,Prevention,e_inc_100k,-0.15,False,M,M,Long-term (3-5 years),0.0,0.0,0.0,0.0,LOW,BCG vaccination + contact tracing to reduce TB incidence by 15%,0.8,True
Sikkim,INT_06,Better Treatment Access,Treatment,e_mort_100k,-0.2,False,H,M,Medium-term (1-2 years),0.0,0.0,0.0,0.0,LOW,Improve access to second-line drugs to reduce TB mortality by 20%,0.65,False
Tamil Nadu,INT_01,TB Elimination Campaign,Treatment,tb_cases,-0.4,True,H,M,Long-term (3-5 years),0.2699,0.2699,0.0,0.0,MODERATE,Intensive case finding + treatment completion to reduce active TB cases by 40%,0.65,True
Tamil Nadu,INT_02,Treatment Intensification,Treatment,tb_cases,-0.2,True,M,H,Medium-term (1-2 years),0.2699,0.2699,0.0,0.0,MODERATE,Enhanced DOTS + direct observed therapy to reduce active cases by 20%,1.05,True
Tamil Nadu,INT_03,Aggressive Detection Drive,Detection,c_cdr,0.4,False,M,H,Short-term (6-12 months),0.2699,0.2699,0.0,0.0,MODERATE,Mass screening + mobile diagnostics to increase case detection rate by 40%,1.05,False
Tamil Nadu,INT_04,Improve DOTS Coverage,Detection,c_cdr,0.2,False,L,H,Short-term (6-12 months),0.2699,0.2699,0.0,0.0,MODERATE,Expand DOTS network to increase case detection rate by 20%,1.2,False
Tamil Nadu,INT_05,Prevention Programs,Prevention,e_inc_100k,-0.15,False,M,M,Long-term (3-5 years),0.2699,0.2699,0.0,0.0,MODERATE,BCG vaccination + contact tracing to reduce TB incidence by 15%,0.8,True
Tamil Nadu,INT_06,Better Treatment Access,Treatment,e_mort_100k,-0.2,False,H,M,Medium-term (1-2 years),0.2699,0.2699,0.0,0.0,MODERATE,Improve access to second-line drugs to reduce TB mortality by 20%,0.65,False
Telangana,INT_01,TB Elimination Campaign,Treatment,tb_cases,-0.4,True,H,M,Long-term (3-5 years),0.1069,0.1069,0.0,0.0,LOW,Intensive case finding + treatment completion to reduce active TB cases by 40%,0.65,True
Telangana,INT_02,Treatment Intensification,Treatment,tb_cases,-0.2,True,M,H,Medium-term (1-2 years),0.1069,0.1069,0.0,0.0,LOW,Enhanced DOTS + direct observed therapy to reduce active cases by 20%,1.05,True
Telangana,INT_03,Aggressive Detection Drive,Detection,c_cdr,0.4,False,M,H,Short-term (6-12 months),0.1069,0.1069,0.0,0.0,LOW,Mass screening + mobile diagnostics to increase case detection rate by 40%,1.05,False
Telangana,INT_04,Improve DOTS Coverage,Detection,c_cdr,0.2,False,L,H,Short-term (6-12 months),0.1069,0.1069,0.0,0.0,LOW,Expand DOTS network to increase case detection rate by 20%,1.2,False
Telangana,INT_05,Prevention Programs,Prevention,e_inc_100k,-0.15,False,M,M,Long-term (3-5 years),0.1069,0.1069,0.0,0.0,LOW,BCG vaccination + contact tracing to reduce TB incidence by 15%,0.8,True
Telangana,INT_06,Better Treatment Access,Treatment,e_mort_100k,-0.2,False,H,M,Medium-term (1-2 years),0.1069,0.1069,0.0,0.0,LOW,Improve access to second-line drugs to reduce TB mortality by 20%,0.65,False
Tripura,INT_01,TB Elimination Campaign,Treatment,tb_cases,-0.4,True,H,M,Long-term (3-5 years),0.0,0.0,0.0,0.0,LOW,Intensive case finding + treatment completion to reduce active TB cases by 40%,0.65,True
Tripura,INT_02,Treatment Intensification,Treatment,tb_cases,-0.2,True,M,H,Medium-term (1-2 years),0.0,0.0,0.0,0.0,LOW,Enhanced DOTS + direct observed therapy to reduce active cases by 20%,1.05,True
Tripura,INT_03,Aggressive Detection Drive,Detection,c_cdr,0.4,False,M,H,Short-term (6-12 months),0.0,0.0,0.0,0.0,LOW,Mass screening + mobile diagnostics to increase case detection rate by 40%,1.05,False
Tripura,INT_04,Improve DOTS Coverage,Detection,c_cdr,0.2,False,L,H,Short-term (6-12 months),0.0,0.0,0.0,0.0,LOW,Expand DOTS network to increase case detection rate by 20%,1.2,False
Tripura,INT_05,Prevention Programs,Prevention,e_inc_100k,-0.15,False,M,M,Long-term (3-5 years),0.0,0.0,0.0,0.0,LOW,BCG vaccination + contact tracing to reduce TB incidence by 15%,0.8,True
Tripura,INT_06,Better Treatment Access,Treatment,e_mort_100k,-0.2,False,H,M,Medium-term (1-2 years),0.0,0.0,0.0,0.0,LOW,Improve access to second-line drugs to reduce TB mortality by 20%,0.65,False
Uttar Pradesh,INT_01,TB Elimination Campaign,Treatment,tb_cases,-0.4,True,H,M,Long-term (3-5 years),1.0,1.0,0.0,0.0,CRITICAL,Intensive case finding + treatment completion to reduce active TB cases by 40%,0.65,True
Uttar Pradesh,INT_02,Treatment Intensification,Treatment,tb_cases,-0.2,True,M,H,Medium-term (1-2 years),1.0,1.0,0.0,0.0,CRITICAL,Enhanced DOTS + direct observed therapy to reduce active cases by 20%,1.05,True
Uttar Pradesh,INT_03,Aggressive Detection Drive,Detection,c_cdr,0.4,False,M,H,Short-term (6-12 months),1.0,1.0,0.0,0.0,CRITICAL,Mass screening + mobile diagnostics to increase case detection rate by 40%,1.05,False
Uttar Pradesh,INT_04,Improve DOTS Coverage,Detection,c_cdr,0.2,False,L,H,Short-term (6-12 months),1.0,1.0,0.0,0.0,CRITICAL,Expand DOTS network to increase case detection rate by 20%,1.2,False
Uttar Pradesh,INT_05,Prevention Programs,Prevention,e_inc_100k,-0.15,False,M,M,Long-term (3-5 years),1.0,1.0,0.0,0.0,CRITICAL,BCG vaccination + contact tracing to reduce TB incidence by 15%,0.8,True
Uttar Pradesh,INT_06,Better Treatment Access,Treatment,e_mort_100k,-0.2,False,H,M,Medium-term (1-2 years),1.0,1.0,0.0,0.0,CRITICAL,Improve access to second-line drugs to reduce TB mortality by 20%,0.65,False
Uttarakhand,INT_01,TB Elimination Campaign,Treatment,tb_cases,-0.4,True,H,M,Long-term (3-5 years),0.0,0.0,0.0,0.0,LOW,Intensive case finding + treatment completion to reduce active TB cases by 40%,0.65,True
Uttarakhand,INT_02,Treatment Intensification,Treatment,tb_cases,-0.2,True,M,H,Medium-term (1-2 years),0.0,0.0,0.0,0.0,LOW,Enhanced DOTS + direct observed therapy to reduce active cases by 20%,1.05,True
Uttarakhand,INT_03,Aggressive Detection Drive,Detection,c_cdr,0.4,False,M,H,Short-term (6-12 months),0.0,0.0,0.0,0.0,LOW,Mass screening + mobile diagnostics to increase case detection rate by 40%,1.05,False
Uttarakhand,INT_04,Improve DOTS Coverage,Detection,c_cdr,0.2,False,L,H,Short-term (6-12 months),0.0,0.0,0.0,0.0,LOW,Expand DOTS network to increase case detection rate by 20%,1.2,False
Uttarakhand,INT_05,Prevention Programs,Prevention,e_inc_100k,-0.15,False,M,M,Long-term (3-5 years),0.0,0.0,0.0,0.0,LOW,BCG vaccination + contact tracing to reduce TB incidence by 15%,0.8,True
Uttarakhand,INT_06,Better Treatment Access,Treatment,e_mort_100k,-0.2,False,H,M,Medium-term (1-2 years),0.0,0.0,0.0,0.0,LOW,Improve access to second-line drugs to reduce TB mortality by 20%,0.65,False
West Bengal,INT_01,TB Elimination Campaign,Treatment,tb_cases,-0.4,True,H,M,Long-term (3-5 years),0.2797,0.2797,0.0,0.0,MODERATE,Intensive case finding + treatment completion to reduce active TB cases by 40%,0.65,True
West Bengal,INT_02,Treatment Intensification,Treatment,tb_cases,-0.2,True,M,H,Medium-term (1-2 years),0.2797,0.2797,0.0,0.0,MODERATE,Enhanced DOTS + direct observed therapy to reduce active cases by 20%,1.05,True
West Bengal,INT_03,Aggressive Detection Drive,Detection,c_cdr,0.4,False,M,H,Short-term (6-12 months),0.2797,0.2797,0.0,0.0,MODERATE,Mass screening + mobile diagnostics to increase case detection rate by 40%,1.05,False
West Bengal,INT_04,Improve DOTS Coverage,Detection,c_cdr,0.2,False,L,H,Short-term (6-12 months),0.2797,0.2797,0.0,0.0,MODERATE,Expand DOTS network to increase case detection rate by 20%,1.2,False
West Bengal,INT_05,Prevention Programs,Prevention,e_inc_100k,-0.15,False,M,M,Long-term (3-5 years),0.2797,0.2797,0.0,0.0,MODERATE,BCG vaccination + contact tracing to reduce TB incidence by 15%,0.8,True
West Bengal,INT_06,Better Treatment Access,Treatment,e_mort_100k,-0.2,False,H,M,Medium-term (1-2 years),0.2797,0.2797,0.0,0.0,MODERATE,Improve access to second-line drugs to reduce TB mortality by 20%,0.65,False
